College Name,District,Block,Type
"Government Medical College, Ariyalur",Ariyalur,Ariyalur,Medical
Meenakshi Ramasamy Arts and Science College,Ariyalur,Ariyalur,Arts and Science
Meenakshi Ramasamy College of Education,Ariyalur,Ariyalur,B.Ed
Meenakshi Ramasamy Physical Education College,Ariyalur,Ariyalur,Physical Education
Mother Teresa B.Ed College (Ariyalur),Ariyalur,Ariyalur,B.Ed
National College of Education,Ariyalur,Ariyalur,B.Ed
Sri Lakshmi College of Education,Ariyalur,Ariyalur,B.Ed
"Government Arts College, Ariyalur",Ariyalur,Ariyalur,Arts and Science
K.K.C. College of Education,Ariyalur,Jayankondam,B.Ed
Meenakshi Ramasamy Engineering College,Ariyalur,Jayankondam,Engineering
Modern Polytechnic College,Ariyalur,Jayankondam,Polytechnic
Sri Saraswathi College of Education,Ariyalur,Jayankondam,B.Ed
"University College of Engineering, Ariyalur",Ariyalur,Ariyalur,Engineering
Vinayaga College of Education,Ariyalur,Jayankondam,B.Ed
"AMET University, Kanathur",Chengalpattu,Chengalpattu,University
Annai Theresa Arts and Science College,Chengalpattu,Chengalpattu,Arts and Science
Asan Memorial College of Education,Chengalpattu,Chengalpattu,B.Ed
KCG College of Technology,Chengalpattu,Chengalpattu,Engineering
Karpaga Vinayaga College of Engineering and Technology,Chengalpattu,Chengalpattu,Engineering
Mohamed Sathak A.J. College of Engineering,Chengalpattu,Chengalpattu,Engineering
"SSN College of Engineering, Kalavakkam",Chengalpattu,Chengalpattu,Engineering
St. Joseph's College of Engineering,Chengalpattu,Chengalpattu,Engineering
Vidyasagar Women's College of Education,Chengalpattu,Chengalpattu,B.Ed
Anand Institute of Higher Technology,Chengalpattu,Cheyyur,Engineering
Chettinad Hospital and Research Institute,Chengalpattu,Cheyyur,Medical
Dhaanish Ahmed Polytechnic College,Chengalpattu,Cheyyur,Polytechnic
GKM College of Engineering and Technology,Chengalpattu,Cheyyur,Engineering
Karpaga Vinayaga Institute of Medical Sciences,Chengalpattu,Cheyyur,Medical
"Madras Christian College (MCC), Tambaram",Chengalpattu,Tambaram,Arts and Science
SRM School of Teacher Education,Chengalpattu,Cheyyur,B.Ed
Sree Sastha Institute of Engineering and Technology,Chengalpattu,Cheyyur,Engineering
Peri Institute of Technology,Chengalpattu,General,Engineering
Subham Vidhya Mandir College of Education,Chengalpattu,General,B.Ed
Chengalpattu Government Polytechnic College,Chengalpattu,Madurantakam,Polytechnic
"Hindustan Institute of Technology and Science (HITS), Padur",Chengalpattu,Madurantakam,University
Jeppiaar Engineering College,Chengalpattu,Madurantakam,Engineering
Tagore College of Nursing,Chengalpattu,Madurantakam,Nursing
Chengalpattu Medical College,Chengalpattu,Pallavaram,Medical
Karpaga Vinayaga College of Nursing,Chengalpattu,Pallavaram,Nursing
New Prince Shri Bhavani College of Engineering and Technology,Chengalpattu,Pallavaram,Engineering
Prince Shri Venkateshwara Padmavathy Engineering College,Chengalpattu,Pallavaram,Engineering
Rajalakshmi Engineering College,Chengalpattu,Pallavaram,Engineering
SRM College of Nursing,Chengalpattu,Pallavaram,Nursing
"SRM Institute of Science and Technology, Kattankulathur",Chengalpattu,Pallavaram,University
Sri Balaji Polytechnic College,Chengalpattu,Pallavaram,Polytechnic
Sri Sairam Ayurveda Medical College,Chengalpattu,Pallavaram,Medical
"Sri Sairam Institute of Technology, Tambaram",Chengalpattu,Tambaram,Engineering
Agni College of Technology,Chengalpattu,Tambaram,Engineering
Apollo Priyadarshanam Institute of Technology,Chengalpattu,Tambaram,Engineering
B.S. Abdur Rahman Crescent Institute of Science and Technology,Chengalpattu,Tambaram,University
Dhaanish Ahmed College of Engineering,Chengalpattu,Tambaram,Engineering
Dhanalakshmi College of Engineering,Chengalpattu,Tambaram,Engineering
Sathyabama Institute of Science and Technology,Chengalpattu,Tambaram,University
Sri Ramanujar Engineering College,Chengalpattu,Tambaram,Engineering
Sri Sairam Siddha Medical College,Chengalpattu,Tambaram,Medical
Tagore Engineering College,Chengalpattu,Tambaram,Engineering
"VIT University, Chennai Campus (Kelambakkam)",Chennai,Chennai City,University
Valliammai Engineering College,Chengalpattu,Tambaram,Engineering
Vidhya Sagar Women's College,Chengalpattu,Tambaram,Arts and Science
Asan Memorial College of Arts & Science,Chengalpattu,Thiruporur,Arts and Science
Chettinad College of Nursing,Chengalpattu,Thiruporur,Nursing
Rajalakshmi Institute of Technology,Chengalpattu,Thiruporur,Engineering
SMK Fomra Institute of Technology,Chengalpattu,Thiruporur,Engineering
Shri Sathya Sai Medical College and Research Institute,Chengalpattu,Thiruporur,Medical
"Sri Sairam Engineering College, Tambaram",Chengalpattu,Tambaram,Engineering
Sri Sairam Homoeopathy Medical College,Chengalpattu,Thiruporur,Medical
Sri Sairam Polytechnic College,Chengalpattu,Thiruporur,Polytechnic
Sriram Ramanujar Engineering College,Chengalpattu,Thiruporur,Engineering
Tagore Medical College and Hospital,Chengalpattu,Thiruporur,Medical
"Loyola-ICAM College of Engineering and Technology (LICET), Nungambakkam",Chennai,Thousand Lights,Engineering
"Madras Medical College (MMC), Park Town",Chennai,Egmore,Medical
"Queen Mary's College (Autonomous), Mylapore",Chennai,Mylapore,Arts and Science
"Chellammal Women's College, Guindy",Chennai,Thiyagarayanagar,Arts and Science
"Madras School of Social Work (MSSW), Egmore",Chennai,Egmore,Arts and Science
"Presidency College (Autonomous), Triplicane",Chennai,Chepauk-Thiruvallikeni,Arts and Science
"Tamil Nadu Teachers Education University, Karapakkam",Chennai,Anna Nagar,University
"University of Madras, Chepauk/Marina",Chennai,Anna Nagar,University
"D.G. Vaishnav College, Arumbakkam",Chennai,Villivakkam,Arts and Science
"N.K.T. National College of Education for Women, Triplicane",Chennai,Chepauk-Thiruvallikeni,B.Ed
"Quaid-e-Milleth Government College for Women, Anna Salai",Chennai,Chepauk-Thiruvallikeni,Arts and Science
"Stanley Medical College, Royapuram",Chennai,Royapuram,Medical
"Madras School of Social Work, Egmore",Chennai,Egmore,Arts and Science
"Stella Maris College (Autonomous), Cathedral Road",Chennai,Dr. Radhakrishnan Nagar,Arts and Science
Chettinad Dental College (Branch),Chennai,Egmore,Medical
"Government Arts College for Men, Nandanam",Chennai,Egmore,Arts and Science
"Lady Willingdon Institute of Advanced Study in Education, Triplicane",Chennai,Chepauk-Thiruvallikeni,B.Ed
"Madras Veterinary College (TANUVAS), Vepery",Chennai,Egmore,Medical
"Omayal Achi College of Nursing, Puzhal",Chennai,Egmore,Nursing
SRM University (City Branch/Vadapalani Campus),Chennai,Egmore,University
"Asian College of Journalism (ACJ), Taramani",Chennai,Sholinganallur,Journalism
"CTTE College for Women, Perambur",Chennai,Perambur,Arts and Science
"Central Polytechnic College (CPT), Taramani",Chennai,Sholinganallur,Polytechnic
Dr. MGR Educational and Research Institute (Maduravoyal Branch),Chennai,Harbour,University
"Government Law College, Pattabiram (Chennai border)",Chennai,Harbour,Law
"National Institute of Fashion Technology (NIFT), Taramani",Chennai,Sholinganallur,Fashion
Sathyabama (Proposed City Campus),Chennai,Harbour,University
"Sindhi College, Maduravoyal (Chennai Region)",Chennai,Harbour,Arts and Science
"Tamil Nadu Dr. J. Jayalalithaa Music and Fine Arts University, Adyar",Chennai,Velachery,University
"The New College, Royapettah",Chennai,Velachery,Arts and Science
"Dr. Ambedkar Government Arts College, Vyasarpadi",Chennai,Kolathur,Arts and Science
"M.A. Chidambaram College of Nursing, Taramani",Chennai,Sholinganallur,Nursing
"Meenakshi College for Women, Kodambakkam",Chennai,Virugampakkam,Arts and Science
"Sir Theagaraya College, Washermanpet",Chennai,Kolathur,Arts and Science
"Tamil Nadu Open University, Saidapet",Chennai,Saidapet,University
"Agurchand Manmull Jain College, Meenambakkam",Chennai,Madavaram,Arts and Science
Alagappa College of Technology (AC Tech) - Guindy,Chennai,Madavaram,Engineering
Vels Institute of Science Technology & Advanced Studies (Pallavaram Branch),Chennai,Madavaram,University
"Government Dental College, Park Town",Chennai,Egmore,Medical
"Women's Christian College (WCC), Nungambakkam",Chennai,Thousand Lights,Arts and Science
"Apollo College of Nursing, Aynambakkam (Chennai border)",Chennai,Mylapore,Nursing
"Institute of Printing Technology, Taramani",Chennai,Sholinganallur,Polytechnic
"Loyola College (Autonomous), Nungambakkam",Chennai,Thousand Lights,Arts and Science
Indian Institute of Technology (IIT) Madras,Chennai,Perambur,University
"Madras School of Economics (MSE), Kotturpuram",Chennai,Perambur,Economics
"Ramakrishna Mission Polytechnic College, Mylapore",Chennai,Mylapore,Polytechnic
Madras Institute of Technology (MIT) - Chromepet (Chennai Region),Chennai,Royapuram,Engineering
Madras Medical College - College of Nursing,Chennai,Royapuram,Nursing
"Bharathi Women's College, George Town",Chennai,Saidapet,Arts and Science
"St. Christopher's College of Education, Vepery",Chennai,Egmore,B.Ed
"Government College of Education, Saidapet",Chennai,Saidapet,B.Ed
"Government Yoga and Naturopathy Medical College, Arumbakkam",Chennai,Villivakkam,Medical
"Meenakshi Sundararajan Engineering College, Kodambakkam",Chennai,Virugampakkam,Engineering
"Ramakrishna Mission Vivekananda College, Mylapore",Chennai,Mylapore,Arts and Science
School of Architecture and Planning (SAP) - Guindy,Chennai,Sholinganallur,Engineering
"CIT (Central Institute of Technology), Taramani",Chennai,Sholinganallur,Polytechnic
"Ethiraj College for Women (Autonomous), Egmore",Chennai,Egmore,Arts and Science
"Institute of Chemical Technology, Taramani",Chennai,Sholinganallur,Polytechnic
"Alpha Arts and Science College, Porur (Chennai Region)",Chennai,Thiruvottiyur,Arts and Science
"TN Dr. M.G.R. Medical University, Guindy",Chennai,Thiyagarayanagar,University
College of Engineering Guindy (Anna University),Chennai,Thiyagarayanagar,Engineering
"Pachaiyappa's College, Chetpet",Chennai,Thiyagarayanagar,Arts and Science
"Guru Nanak College (Autonomous), Velachery",Chennai,Velachery,Arts and Science
"St. Isabel's College of Nursing, Mylapore",Chennai,Mylapore,Nursing
"Tamil Nadu Physical Education and Sports University, Melakottaiyur (Regional)",Chennai,Thousand Lights,University
"Government College of Fine Arts, Egmore",Chennai,Egmore,Arts and Science
"Meston College of Education, Royapettah",Chennai,Velachery,B.Ed
"Government Siddha Medical College, Arumbakkam",Chennai,Villivakkam,Medical
"Justice Basheer Ahmed Sayeed College for Women (SIET), Teynampet",Chennai,Villivakkam,Arts and Science
"Kilpauk Medical College (KMC), Kilpauk",Chennai,Villivakkam,Medical
"Government Polytechnic College, Purasawalkam",Chennai,Virugampakkam,Polytechnic
"M.O.P. Vaishnav College for Women, Nungambakkam",Chennai,Thousand Lights,Arts and Science
"Patrician College of Arts and Science, Adyar",Chennai,Velachery,Arts and Science
Sriram Polytechnic College (Proposed branch area),Chennai,Virugampakkam,Polytechnic
"Tamil Nadu Dr. Ambedkar Law University, Perungudi",Chennai,Virugampakkam,Law
"Government Arts and Science College, Mettupalayam",Coimbatore,Mettupalayam,Arts and Science
"N.G.M. College (Nallamuthu Gounder Mahalingam), Pollachi",Coimbatore,Pollachi,Arts and Science
Sri Ramakrishna College of Nursing,Coimbatore,Coimbatore (North),Nursing
"Dr. Mahalingam College of Engineering and Technology (MCET), Pollachi",Coimbatore,Pollachi,Engineering
"Government College of Education for Women, Coimbatore",Coimbatore,Coimbatore (South),B.Ed
Karpagam Faculty of Medical Sciences & Research,Coimbatore,Coimbatore (South),Medical
Kumaraguru College of Technology (KCT),Coimbatore,Coimbatore (South),Engineering
PPG College of Arts and Science,Coimbatore,Coimbatore (South),Arts and Science
PSG College of Nursing,Coimbatore,Coimbatore (South),Nursing
Pollachi College of Arts and Science,Coimbatore,Coimbatore (South),Arts and Science
S.N.R. Sons College (Now Sri Ramakrishna College),Coimbatore,Coimbatore (South),Arts and Science
Sankara College of Science and Commerce,Coimbatore,Coimbatore (South),Arts and Science
Tamil Nadu Agricultural University (TNAU),Coimbatore,Coimbatore (South),University
Coimbatore Institute of Technology (CIT),Coimbatore,Kavundampalayam,Engineering
Government Arts College Coimbatore,Coimbatore,Kavundampalayam,Arts and Science
Government Polytechnic College Coimbatore,Coimbatore,Kavundampalayam,Polytechnic
Karpagam College of Engineering,Coimbatore,Kavundampalayam,Engineering
RVS College of Nursing,Coimbatore,Kavundampalayam,Nursing
VLB Janakiammal College of Arts and Science,Coimbatore,Kavundampalayam,Arts and Science
Hindusthan College of Arts and Science,Coimbatore,Kinathukadavu,Arts and Science
PSG Institute of Management,Coimbatore,Kinathukadavu,Management
RVS College of Education,Coimbatore,Kinathukadavu,B.Ed
SNS College of Technology,Coimbatore,Kinathukadavu,Engineering
CMS College of Science and Commerce,Coimbatore,Mettupalayam,Arts and Science
"Government Arts and Science College, Valparai",Coimbatore,Valparai,Arts and Science
PSG College of Technology,Coimbatore,Mettupalayam,Engineering
Rathinam College of Arts and Science,Coimbatore,Mettupalayam,Arts and Science
Sankara Polytechnic College,Coimbatore,Mettupalayam,Polytechnic
KG College of Nursing,Coimbatore,Palladam,Nursing
KMCH College of Nursing,Coimbatore,Palladam,Nursing
Kongunadu Arts and Science College,Coimbatore,Palladam,Arts and Science
Nirmala College for Women,Coimbatore,Palladam,Arts and Science
PPG College of Nursing,Coimbatore,Palladam,Nursing
PSG Polytechnic College,Coimbatore,Palladam,Polytechnic
S.N.M.V. College of Arts and Science,Coimbatore,Palladam,Arts and Science
"Sri Krishna College of Technology (SKCT), Kovaipudur",Coimbatore,Palladam,Engineering
Coimbatore Medical College,Coimbatore,Pollachi,Medical
Hindusthan College of Engineering and Technology (HiCET),Coimbatore,Pollachi,Engineering
Jansons School of Business,Coimbatore,Pollachi,Management
KMCH Institute of Health Sciences and Research,Coimbatore,Pollachi,Medical
KPR Institute of Engineering and Technology,Coimbatore,Pollachi,Engineering
PSG College of Arts and Science,Coimbatore,Pollachi,Arts and Science
Dr. G.R. Damodaran College of Science,Coimbatore,Singanallur,Arts and Science
Dr. N.G.P. Arts and Science College,Coimbatore,Singanallur,Arts and Science
Ganga Medical Centre and Hospital College of Nursing,Coimbatore,Singanallur,Nursing
"Government Arts and Science College, Thondamuthur",Coimbatore,Thondamuthur,Arts and Science
Sri Ramakrishna Polytechnic College,Coimbatore,Singanallur,Polytechnic
Amrita Vishwa Vidyapeetham (Amrita University),Coimbatore,Sulur,University
"Government Arts and Science College, Pollachi",Coimbatore,Pollachi,Arts and Science
"Government Law College, Coimbatore",Coimbatore,Coimbatore (South),Law
Karpagam Academy of Higher Education,Coimbatore,Sulur,University
PSGR Krishnammal College for Women,Coimbatore,Sulur,Arts and Science
Sri Ramakrishna Engineering College (SREC),Coimbatore,Sulur,Engineering
CMS College of Education,Coimbatore,Thondamuthur,B.Ed
Government College of Technology (GCT),Coimbatore,Thondamuthur,Engineering
"Sri Krishna College of Engineering and Technology (SKCET), Kuniamuthur",Coimbatore,Thondamuthur,Engineering
Sri Ramakrishna College of Arts and Science,Coimbatore,Thondamuthur,Arts and Science
Avinashilingam Institute for Home Science and Higher Education for Women,Coimbatore,Valparai,University
Bharathiar University,Coimbatore,Valparai,University
Hindusthan College of Education,Coimbatore,Valparai,B.Ed
Karunya Institute of Technology and Sciences,Coimbatore,Valparai,University
PSG Institute of Medical Sciences & Research,Coimbatore,Valparai,Medical
RVS College of Arts and Science,Coimbatore,Valparai,Arts and Science
"Kandaswami Naidu College for Women, Cuddalore",Cuddalore,Cuddalore,Arts and Science
"St. Paul's College of Education, Cuddalore",Cuddalore,Cuddalore,B.Ed
"Annamalai University (Main Campus), Chidambaram",Cuddalore,Chidambaram,University
"Government Dental College Annamalai University, Chidambaram",Cuddalore,Chidambaram,Medical
"Government Medical College Cuddalore (Rajah Muthiah), Chidambaram",Cuddalore,Chidambaram,Medical
"Government Polytechnic College, Cuddalore",Cuddalore,Cuddalore,Polytechnic
"Jawahar Science College, Neyveli",Cuddalore,Neyveli,Arts and Science
"Annamalai University College of Education, Chidambaram",Cuddalore,Chidambaram,B.Ed
"Krishnasamy College of Education, Cuddalore",Cuddalore,Cuddalore,B.Ed
"Rajah Muthiah College of Nursing, Chidambaram",Cuddalore,Chidambaram,Nursing
"Thiruvalluvar University Constituent College, Thittakudi",Cuddalore,Tittakudi,Arts and Science
"Government Arts College, Virudhachalam",Cuddalore,Virudhachalam,Arts and Science
"Sister Margaret College of Nursing, Cuddalore",Cuddalore,Cuddalore,Nursing
"St. Joseph's College of Arts and Science (Autonomous), Cuddalore",Cuddalore,Cuddalore,Arts and Science
"Thiruvalluvar University Constituent College, Panruti",Cuddalore,Panruti,Arts and Science
"Krishnasamy College of Science, Arts and Management for Women, Cuddalore",Cuddalore,Cuddalore,Arts and Science
"St. Anne's College of Engineering and Technology, Panruti",Cuddalore,Panruti,Engineering
"C.K. College of Engineering and Technology, Cuddalore",Cuddalore,Cuddalore,Engineering
Cuddalore District Co-operative Management Institute,Cuddalore,Neyveli,Management
"IFET College of Engineering, Gangarampalayam (Cuddalore Border)",Cuddalore,Neyveli,Engineering
"Neyveli Lignite Corporation Polytechnic College (NLC), Neyveli",Cuddalore,Neyveli,Polytechnic
"Panimalar Polytechnic College, Panruti",Cuddalore,Panruti,Polytechnic
"Vallalar College of Arts and Science, Neyveli",Cuddalore,Neyveli,Arts and Science
"M.R.K. Institute of Technology, Kattumannarkoil",Cuddalore,Kattumannarkoil,Engineering
"Periyar Arts College, Cuddalore",Cuddalore,Cuddalore,Arts and Science
"Government Arts College, Chidambaram",Cuddalore,Chidambaram,Arts and Science
"Muthiah Polytechnic College, Chidambaram",Cuddalore,Chidambaram,Polytechnic
"Krishnasamy College of Engineering and Technology, S.Kumarapuram",Cuddalore,Virudhachalam,Engineering
"Government Arts College, Dharmapuri",Dharmapuri,Dharmapuri,Arts and Science
Government Dharmapuri Medical College,Dharmapuri,Dharmapuri,Medical
"Government Polytechnic College, Dharmapuri",Dharmapuri,Dharmapuri,Polytechnic
"Om Sakthi College of Nursing, Dharmapuri",Dharmapuri,Dharmapuri,Nursing
Dharmapuri Medical College - College of Nursing,Dharmapuri,Harur,Nursing
"Government Arts and Science College, Pennagaram",Dharmapuri,Pennagaram,Arts and Science
"Government College of Education, Dharmapuri",Dharmapuri,Dharmapuri,B.Ed
"Government College of Engineering, Dharmapuri",Dharmapuri,Dharmapuri,Engineering
"P.S.V. College of Nursing, Dharmapuri",Dharmapuri,Dharmapuri,Nursing
"Varuvan Vadivelan Institute of Technology, Dharmapuri",Dharmapuri,Dharmapuri,Engineering
"Government Arts and Science College, Harur",Dharmapuri,Harur,Arts and Science
"Government Arts and Science College, Pappireddipatti",Dharmapuri,Palacode,Arts and Science
"Sapthagiri College of Education, Dharmapuri",Dharmapuri,Dharmapuri,B.Ed
"Don Bosco College, Dharmapuri",Dharmapuri,Dharmapuri,Arts and Science
"Government Arts and Science College, Karimangalam",Dharmapuri,Pappireddippatti,Arts and Science
"Laxmi Narayana Arts and Science College, Dharmapuri",Dharmapuri,Dharmapuri,Arts and Science
"P.S.V. College of Engineering and Technology, Mittapalli",Dharmapuri,Pappireddippatti,Engineering
"Er. Perumal Manimekalai Polytechnic College, Hosur (Dharmapuri border)",Dharmapuri,Pennagaram,Polytechnic
"Government Polytechnic College, Kadathur",Dharmapuri,Pennagaram,Polytechnic
"Jayalakshmi Institute of Technology, Thoppur",Dharmapuri,Pennagaram,Engineering
"Kamadhenu College of Arts and Science, Dharmapuri",Dharmapuri,Dharmapuri,Arts and Science
"Pachamuthu College of Arts and Science for Women, Dharmapuri",Dharmapuri,Dharmapuri,Arts and Science
"Pachamuthu College of Education, Dharmapuri",Dharmapuri,Dharmapuri,B.Ed
"Varuvan Vadivelan Polytechnic College, Dharmapuri",Dharmapuri,Dharmapuri,Polytechnic
"Christian College of Nursing, Oddanchatram",Dindigul,Oddanchatram,Nursing
"M.V.M. Government Arts College for Women, Dindigul",Dindigul,Dindigul,Arts and Science
"P.S.N.A. College of Engineering and Technology, Dindigul",Dindigul,Dindigul,Engineering
"S.S.M. Institute of Engineering and Technology, Dindigul",Dindigul,Dindigul,Engineering
Gandhigram Institute of Rural Health and Family Welfare Trust,Dindigul,Dindigul,Medical
Government Dindigul Medical College,Dindigul,Dindigul,Medical
"Mother Teresa Women's University, Kodaikanal",Dindigul,Nilakottai,University
"Pannaikadu Veerammal Paramasivam (PVP) College, Dindigul",Dindigul,Dindigul,Arts and Science
"Parvathy's Arts and Science College, Dindigul",Dindigul,Dindigul,Arts and Science
"R.V.S. College of Nursing, Dindigul",Dindigul,Dindigul,Nursing
"G.T.N. Arts College (Autonomous), Dindigul",Dindigul,Dindigul,Arts and Science
"Government Polytechnic College, Palani",Dindigul,Palani,Polytechnic
"Government Arts and Science College, Kodaikanal",Dindigul,Nilakottai,Arts and Science
"Government Arts and Science College, Nilakottai",Dindigul,Nilakottai,Arts and Science
"St. Peter's College of Education, Dindigul",Dindigul,Dindigul,B.Ed
Dindigul District Co-operative Management Institute,Dindigul,Oddanchatram,Management
"R.V.S. College of Arts and Science, Dindigul",Dindigul,Dindigul,Arts and Science
"Sakthi College of Education, Oddanchatram",Dindigul,Oddanchatram,B.Ed
"Arulmigu Palaniandavar College of Arts and Culture, Palani",Dindigul,Palani,Arts and Science
"Christian College of Engineering and Technology, Oddanchatram",Dindigul,Oddanchatram,Engineering
"Christian Polytechnic College, Oddanchatram",Dindigul,Oddanchatram,Polytechnic
"R.V.S. College of Engineering and Technology, Dindigul",Dindigul,Dindigul,Engineering
"St. Antony's College of Arts and Sciences for Women, Thamaraipadi",Dindigul,Palani,Arts and Science
"Gandhigram Rural Institute (Deemed University), Gandhigram",Dindigul,Vedasandur,University
"Kodaikanal Institute of Technology, Kodaikanal",Dindigul,Nilakottai,Engineering
"N.P.R. College of Engineering and Technology, Natham",Dindigul,Natham,Engineering
"Bharathidasan College of Arts and Science, Erode",Erode,Erode (East),Arts and Science
"Erode Arts and Science College (Autonomous), Erode",Erode,Erode (East),Arts and Science
Govt. Perundurai Medical College - College of Nursing,Erode,Anthiyur,Nursing
"J.K.K. Nattraja College of Pharmacy, Komarapalayam (Erode boundary)",Erode,Anthiyur,Paramedical
"Kongu Polytechnic College, Perundurai",Erode,Perundurai,Polytechnic
"Nandha College of Nursing, Erode",Erode,Erode (East),Nursing
"Surya Engineering College, Erode",Erode,Erode (East),Engineering
"Vellalar Polytechnic College, Erode",Erode,Erode (East),Polytechnic
Government Erode Medical College (IRT Perundurai),Erode,Bhavani,Medical
"M.P.Nachimuthu M.Jaganathan Engineering College, Chennimalai",Erode,Bhavani,Engineering
"Sengunthar Engineering College, Tiruchengode (Erode Border Region)",Erode,Bhavani,Engineering
"Vellalar College of Education for Women, Erode",Erode,Erode (East),B.Ed
"Bannari Amman Institute of Technology (Autonomous), Sathyamangalam",Erode,Bhavanisagar,Engineering
"C.N. College, Erode",Erode,Erode (East),Arts and Science
"Chikkaiah Naicker College, Erode",Erode,Erode (East),Arts and Science
"Kongu Arts and Science College (Autonomous), Nanjanapuram",Erode,Bhavanisagar,Arts and Science
"Kongu Engineering College (Autonomous), Perundurai",Erode,Perundurai,Engineering
"Nandha Engineering College (Autonomous), Erode",Erode,Erode (East),Engineering
"Vellalar College of Nursing, Erode",Erode,Erode (East),Nursing
"J.K.K. Munirajah College of Technology, Gobichettipalayam",Erode,Gobichettipalayam,Engineering
"Velalar College of Engineering and Technology, Thindal",Erode,Erode (East),Engineering
"Erode Sengunthar Engineering College, Thudupathi",Erode,Erode (West),Engineering
"Nandha Polytechnic College, Erode",Erode,Erode (East),Polytechnic
"Vellalar College for Women (Autonomous), Erode",Erode,Erode (East),Arts and Science
"Government Arts and Science College, Modakkurichi",Erode,Modakkurichi,Arts and Science
"Government Polytechnic College, Perundurai",Erode,Perundurai,Polytechnic
"Kongu College of Education, Erode",Erode,Erode (East),B.Ed
"Nandha Arts and Science College, Erode",Erode,Erode (East),Arts and Science
"Gobi Arts and Science College (Autonomous), Gobichettipalayam",Erode,Gobichettipalayam,Arts and Science
"Government Arts and Science College, Sathyamangalam",Erode,Bhavanisagar,Arts and Science
"Nandha College of Pharmacy, Erode",Erode,Erode (East),Paramedical
"PKR Arts College for Women, Gobichettipalayam",Erode,Gobichettipalayam,Arts and Science
"AKT Memorial Arts and Science College, Neelamangalam",Kallakurichi,Kallakurichi,Arts and Science
Government Medical College Kallakurichi,Kallakurichi,Kallakurichi,Medical
"Maha Barathi Engineering College, Vasudevanur",Kallakurichi,Kallakurichi,Engineering
"Dr. R.K.S. College of Arts and Science, Indili",Kallakurichi,Rishivandiyam,Arts and Science
"Dr. R.K.S. College of Education, Indili",Kallakurichi,Rishivandiyam,B.Ed
"Thiruvalluvar University Constituent College of Arts and Science, Kallakurichi",Kallakurichi,Kallakurichi,Arts and Science
"AKT Memorial College of Engineering and Technology, Neelamangalam",Kallakurichi,Sankarapuram,Engineering
"AKT Memorial Polytechnic College, Neelamangalam",Kallakurichi,Sankarapuram,Polytechnic
"Bharat Ratna Dr. B.R. Ambedkar Institute of Technology, Kallakurichi",Kallakurichi,Kallakurichi,Engineering
"Government Polytechnic College, Rishivandiyam",Kallakurichi,Rishivandiyam,Polytechnic
"Srimathi Malathi College of Arts and Science for Women, Kallakurichi",Kallakurichi,Kallakurichi,Arts and Science
"AKT Memorial College of Education, Neelamangalam",Kallakurichi,Tirukkoyilur,B.Ed
"Bharathi College of Arts and Science for Women, Thalaivasal (Kallakurichi Border)",Kallakurichi,Tirukkoyilur,Arts and Science
"Bharathi College of Education, Kallakurichi",Kallakurichi,Kallakurichi,B.Ed
"Government Arts and Science College, Rishivandiyam",Kallakurichi,Rishivandiyam,Arts and Science
"Muruga Polytechnic College, Kallakurichi",Kallakurichi,Kallakurichi,Polytechnic
"Annamalaiyar College of Engineering, Modaiyur",Kallakurichi,Ulundurpettai,Engineering
"Government Polytechnic College, Sankarapuram",Kallakurichi,Sankarapuram,Polytechnic
"J.K. College of Nursing and Paramedicals, Kallakurichi",Kallakurichi,Kallakurichi,Nursing
"Sri Sarada College of Nursing, Kallakurichi",Kallakurichi,Kallakurichi,Nursing
Anna University Regional Campus,Kancheepuram,Kancheepuram,General
SASTRA University,Kancheepuram,Kancheepuram,General
Government Law College Chennai,Chennai,Chennai City,General
PSG IMS & Research,Kancheepuram,Uthiramerur,General
"Sri Muthukumaran Institute of Technology, Chikkarayapuram",Kanchipuram,Chikkarayapuram,Engineering
"Kanchi University (SCSVMV University), Enathur",Kanchipuram,Enathur,University
"Sri Sankara Arts and Science College, Enathur",Kanchipuram,Enathur,Arts and Science
Kanchipuram Meenakshi Medical College - College of Nursing,Kanchipuram,General,Nursing
Meenakshi Medical College Hospital and Research Institute,Kanchipuram,General,Medical
"Sri Sairam Polytechnic College, West Tambaram (Kanchipuram Region)",Kanchipuram,General,Polytechnic
"Indian Institute of Information Technology Design and Manufacturing (IIITDM), Kancheepuram",Kanchipuram,Kancheepuram,University
"Adhi College of Engineering and Technology, Kanchipuram",Kanchipuram,Kanchipuram,Engineering
"Arignar Anna Government Arts College, Kanchipuram",Kanchipuram,Kanchipuram,Arts and Science
"Arignar Anna Government Law College, Kanchipuram",Kanchipuram,Kanchipuram,Law
"Bhakthavatsalam Memorial College for Women, Kanchipuram",Kanchipuram,Kanchipuram,Arts and Science
"Government Polytechnic College, Kanchipuram",Kanchipuram,Kanchipuram,Polytechnic
"Lord Venkateshwaraa Engineering College, Kanchipuram",Kanchipuram,Kanchipuram,Engineering
"National Institute of Technology (NIT) Campus (Proposed/Transit), Kanchipuram",Kanchipuram,Kanchipuram,University
"Pachaiyappa's College for Men, Kanchipuram",Kanchipuram,Kanchipuram,Arts and Science
"Pachaiyappa's College for Women, Kanchipuram",Kanchipuram,Kanchipuram,Arts and Science
"Pallavan College of Engineering, Kanchipuram",Kanchipuram,Kanchipuram,Engineering
"Pallavan Polytechnic College, Kanchipuram",Kanchipuram,Kanchipuram,Polytechnic
"S.S.K.V. College of Arts and Science for Women, Kanchipuram",Kanchipuram,Kanchipuram,Arts and Science
"Kanchi Shri Krishna College of Arts and Science, Kilambi",Kanchipuram,Kilambi,Arts and Science
"Jeppiaar Institute of Technology, Kunnam",Kanchipuram,Kunnam,Engineering
"Annai Therasa Arts and Science College, Mangalam",Kanchipuram,Mangalam,Arts and Science
"Sri Venkateswara College of Engineering (SVCE), Sriperumbudur",Kanchipuram,Sriperumbudur,Engineering
"Rajalakshmi Engineering College (REC), Thandalam",Kanchipuram,Sriperumbudur,Engineering
"Saveetha College of Education, Thandalam",Kanchipuram,Sriperumbudur,B.Ed
"Saveetha Engineering College, Thandalam",Kanchipuram,Sriperumbudur,Engineering
"Government Arts and Science College, Uthiramerur",Kanchipuram,Uthiramerur,Arts and Science
"Panimalar Engineering College, Varadharajapuram",Kanchipuram,Sriperumbudur,Engineering
NIT Trichy,Tiruchirappalli,Thiruverumbur,General
School of Excellence in Law,Kanniyakumari,Colachal,General
Thiagarajar CE,Kanniyakumari,Colachal,General
Agricultural College Madurai,Madurai,Madurai City,General
Government College of Fine Arts Kumbakonam,Kanniyakumari,Kanniyakumari,Arts and Science
Madurai Kamaraj University,Madurai,Madurai City,University
Sri Ramachandra University,Kanniyakumari,Killiyoor,General
SIET College,Kanniyakumari,Nagercoil,General
CEG Anna University,Kanniyakumari,Vilavancode,General
"Vivekananda College, Agasteeswaram",Kanyakumari,Agasteeswaram,Arts and Science
"Arignar Anna College, Aralvaimozhi",Kanyakumari,Aralvaimozhi,Arts and Science
"N.V.K.S.D. College of Education, Attoor",Kanyakumari,Attoor,B.Ed
"White Memorial College of Nursing, Attoor",Kanyakumari,Attoor,Nursing
"Morning Star Polytechnic College, Chunkankadai",Kanyakumari,Chunkankadai,Polytechnic
"Sree Ayyappa College for Women, Chunkankadai",Kanyakumari,Chunkankadai,Arts and Science
"Vins Christian College of Engineering, Chunkankadai",Kanyakumari,Chunkankadai,Engineering
"Mar Ephraem College of Engineering and Technology, Elavuvilai",Kanyakumari,Elavuvilai,Engineering
"Sun College of Engineering and Technology, Erachakulam",Kanyakumari,Erachakulam,Engineering
Kanyakumari Government Medical College,Kanyakumari,General,Medical
Kanyakumari Medical College - College of Nursing,Kanyakumari,General,Nursing
"Nanjil Catholic College of Arts and Science, Kaliyakkavilai",Kanyakumari,Kaliyakkavilai,Arts and Science
"Nanjil Catholic College of Education, Kaliyakkavilai",Kanyakumari,Kaliyakkavilai,B.Ed
"Government Arts and Science College, Kanyakumari",Kanyakumari,Kanyakumari,Arts and Science
"Bethlahem College of Education, Karungal",Kanyakumari,Karungal,B.Ed
"Bethlahem Institute of Engineering, Karungal",Kanyakumari,Karungal,Engineering
"Government College of Engineering, Konam",Kanyakumari,Konam,Engineering
"University College of Engineering (Anna University), Konam",Kanyakumari,Konam,Engineering
"Noorul Islam Centre for Higher Education (NIU), Kumaracoil",Kanyakumari,Kumaracoil,University
"Sree Devi Kumari Polytechnic College, Kuzhithurai",Kanyakumari,Kuzhithurai,Polytechnic
"Sree Devi Kumari Women's College, Kuzhithurai",Kanyakumari,Kuzhithurai,Arts and Science
"Malankara Catholic College, Mariagiri",Kanyakumari,Mariagiri,Arts and Science
"Bishop Agniswamy College of Education, Muttom",Kanyakumari,Muttom,B.Ed
"Annan College of Nursing, Nagercoil",Kanyakumari,Nagercoil,Nursing
"Government Polytechnic College, Nagercoil",Kanyakumari,Nagercoil,Polytechnic
"Holy Cross College (Autonomous), Nagercoil",Kanyakumari,Nagercoil,Arts and Science
"N.M.S.S.V.N. Polytechnic College, Nagercoil",Kanyakumari,Nagercoil,Polytechnic
"Pioneer Kumaraswamy College, Nagercoil",Kanyakumari,Nagercoil,Arts and Science
"Ponjesly College of Engineering, Nagercoil",Kanyakumari,Nagercoil,Engineering
"Scott Christian College (Autonomous), Nagercoil",Kanyakumari,Nagercoil,Arts and Science
"South Thamaraikulam Hindu College (ST Hindu College), Nagercoil",Kanyakumari,Nagercoil,Arts and Science
"Women's Christian College (WCC), Nagercoil",Kanyakumari,Nagercoil,Arts and Science
"Lekshmipuram College of Arts and Science, Neyyoor",Kanyakumari,Neyyoor,Arts and Science
"C.S.I. Institute of Technology, Thovalai",Kanyakumari,Thovalai,Engineering
"Loyola Institute of Technology and Science (LITES), Thovalai",Kanyakumari,Thovalai,Engineering
"Arunachala College of Engineering for Women, Vellichanthai",Kanyakumari,Vellichanthai,Engineering
"Arulmurugan College of Arts and Science, Karur",Karur,Karur,Arts and Science
"Arulmurugan Polytechnic College, Karur",Karur,Karur,Polytechnic
Government Medical College Karur,Karur,Aravakurichi,Medical
"Karur College of Education, Karur",Karur,Karur,B.Ed
"Ponmari College of Education, Karur",Karur,Karur,B.Ed
"Cheran School of Nursing, Karur",Karur,Karur,Nursing
"Karur Polytechnic College, Karur",Karur,Karur,Polytechnic
"V.J.P. College of Education, Karur",Karur,Karur,B.Ed
"V.S.B. Engineering College, Karur",Karur,Karur,Engineering
"Chettinad College of Engineering and Technology, Karur",Karur,Karur,Engineering
"M. Kumarasamy College of Engineering (Autonomous), Thalavapalayam",Karur,Krishnarayapuram,Engineering
"N.S.N. College of Engineering and Technology, Karur",Karur,Karur,Engineering
"Cheran College for Women, Karur",Karur,Karur,Arts and Science
"Government Arts College, Karur",Karur,Karur,Arts and Science
"Government Arts and Science College, Kulithalai",Karur,Kulithalai,Arts and Science
"Government Polytechnic College, Karur",Karur,Karur,Polytechnic
"Kongu Arts and Science College, Karur",Karur,Karur,Arts and Science
"Valluvar College of Science and Management, Karur",Karur,Karur,Arts and Science
"Adhiyamaan College of Education, Hosur",Krishnagiri,Hosur,B.Ed
Government Krishnagiri Medical College,Krishnagiri,Bargur,Medical
"Government Polytechnic College, Uthangarai",Krishnagiri,Uthangarai,Polytechnic
"Vivekananda College of Nursing, Krishnagiri",Krishnagiri,Krishnagiri,Nursing
"Adhiyamaan College of Engineering (Autonomous), Hosur",Krishnagiri,Hosur,Engineering
"Er. Perumal Manimekalai College of Engineering, Hosur",Krishnagiri,Hosur,Engineering
"Gonzaga College of Arts and Science for Women, Elathagiri",Krishnagiri,Hosur,Arts and Science
"Gonzaga College of Education, Elathagiri",Krishnagiri,Hosur,B.Ed
"Government Arts College for Men, Krishnagiri",Krishnagiri,Krishnagiri,Arts and Science
"Arignar Anna College (Arts & Science), Krishnagiri",Krishnagiri,Krishnagiri,Arts and Science
"Er. Perumal Manimekalai Polytechnic College, Hosur",Krishnagiri,Hosur,Polytechnic
"Government Arts College for Women, Krishnagiri",Krishnagiri,Krishnagiri,Arts and Science
"Government College of Engineering, Bargur",Krishnagiri,Bargur,Engineering
"Government Polytechnic College, Hosur",Krishnagiri,Hosur,Polytechnic
"Hosur Institute of Technology and Science, Hosur",Krishnagiri,Hosur,Engineering
"St. Peter's College of Education, Kaveripattinam",Krishnagiri,Krishnagiri,B.Ed
"Government Arts and Science College, Hosur",Krishnagiri,Hosur,Arts and Science
"Krishnagiri College of Nursing, Krishnagiri",Krishnagiri,Krishnagiri,Nursing
"M.G.R. College of Arts and Science, Hosur",Krishnagiri,Hosur,Arts and Science
"St. Joseph's College of Arts and Science for Women, Hosur",Krishnagiri,Hosur,Arts and Science
"Adhiyamaan Polytechnic College, Hosur",Krishnagiri,Hosur,Polytechnic
"Government Polytechnic College, Bargur",Krishnagiri,Bargur,Polytechnic
"Government Polytechnic College, Krishnagiri",Krishnagiri,Krishnagiri,Polytechnic
"P.M.V. Engineering College, Hosur",Krishnagiri,Hosur,Engineering
"Sivagamiammal College of Arts and Science, Krishnagiri",Krishnagiri,Krishnagiri,Arts and Science
"Arul Anandar College, Karumathur",Madurai,Madurai Central,Arts and Science
"Tamil Nadu Polytechnic College, Madurai",Madurai,Madurai Central,Polytechnic
"The American College, Madurai",Madurai,Madurai Central,Arts and Science
"Velammal College of Engineering and Technology, Viraganoor",Madurai,Madurai Central,Engineering
"Meenakshi Government Arts College for Women, Madurai",Madurai,Madurai Central,Arts and Science
"S.Vellaichamy Nadar College, Madurai",Madurai,Madurai Central,Arts and Science
"Sourashtra College, Madurai",Madurai,Madurai Central,Arts and Science
"Agricultural College and Research Institute (AC&RI), Madurai",Madurai,Madurai Central,Agriculture
"E.M.G. Yadava Women's College, Madurai",Madurai,Madurai Central,Arts and Science
"Madura College, Madurai",Madurai,Madurai Central,Arts and Science
Madurai Medical College,Madurai,Madurai North,Medical
Madurai Medical College - College of Nursing,Madurai,Madurai North,Nursing
"P.T.R. College of Engineering and Technology, Austinpatti",Madurai,Madurai North,Engineering
"SACS M.A.V.M.M. Engineering College, Kidaripatti",Madurai,Madurai North,Engineering
"Subbalakshmi Lakshmipathy College of Science, Madurai",Madurai,Madurai Central,Arts and Science
"Tamil Nadu Physical Education and Sports University (Regional Centre), Madurai",Madurai,Madurai Central,University
"Aravind Eye Care System - College of Nursing, Madurai",Madurai,Madurai Central,Nursing
"Government Law College, Madurai",Madurai,Madurai Central,Law
"St. Justin's College of Education, Madurai",Madurai,Madurai Central,B.Ed
"Thiagarajar College of Engineering (TCE), Thirupparankundram",Madurai,Madurai South,Engineering
"Sri Meenakshi Government Arts College for Women, Madurai",Madurai,Madurai Central,Arts and Science
"Ultra College of Engineering and Technology, Madurai",Madurai,Madurai Central,Engineering
"K.L.N. College of Engineering, Pottapalayam (Madurai Border)",Madurai,Melur,Engineering
"M.S.S. Wakf Board College, Madurai",Madurai,Madurai Central,Arts and Science
"Latha Mathavan Engineering College, Kidaripatti",Madurai,Madurai North,Engineering
"Senthamil Arts College, Madurai",Madurai,Madurai Central,Arts and Science
"Sacred Heart Nursing College, Madurai",Madurai,Madurai Central,Nursing
"Thiagarajar College of Preceptors, Madurai",Madurai,Madurai Central,B.Ed
"Thiagarajar School of Management (TSM), Pamban Swamy Nagar",Madurai,Thirumangalam,Management
"Velammal College of Nursing, Madurai",Madurai,Madurai Central,Nursing
"Vickram College of Engineering, Enathi",Madurai,Thirumangalam,Engineering
"Fatima College, Madurai",Madurai,Madurai Central,Arts and Science
"Lady Doak College, Madurai",Madurai,Madurai Central,Arts and Science
"Thiagarajar College, Madurai",Madurai,Madurai Central,Arts and Science
"Yadava College, Madurai",Madurai,Madurai Central,Arts and Science
"A.V.C. College (Autonomous), Mannampandal",Mayiladuthurai,Mayiladuturai,Arts and Science
"A.V.C. College of Engineering, Mannampandal",Mayiladuthurai,Mayiladuturai,Engineering
"A.V.C. Polytechnic College, Mannampandal",Mayiladuthurai,Mayiladuturai,Polytechnic
"Dharmapuram Adhinam Arts College, Mayiladuthurai",Mayiladuthurai,Mayiladuturai,Arts and Science
"Annai College of Education, Mayiladuthurai",Mayiladuthurai,Poompuhar,B.Ed
"Dharmapuram Adhinam College of Education, Mayiladuthurai",Mayiladuthurai,Poompuhar,B.Ed
"Gnanambigai Government Arts College for Women, Mayiladuthurai",Mayiladuthurai,Poompuhar,Arts and Science
"Vivekananda College of Arts and Science for Women, Sirkazhi",Mayiladuthurai,Sirkazhi,Arts and Science
"Best Arts and Science College, Sirkazhi",Mayiladuthurai,Sirkazhi,Arts and Science
"Dharmapuram Gnanambigai Government Arts College for Women, Mayiladuthurai",Mayiladuthurai,Sirkazhi,Arts and Science
"Poompuhar College, Melaiyur",Mayiladuthurai,Sirkazhi,Arts and Science
"Sembanarkoil Arts and Science College, Sembanarkoil",Mayiladuthurai,Sirkazhi,Arts and Science
"Srinivasa Subbaraya Polytechnic College, Puttur",Mayiladuthurai,Sirkazhi,Polytechnic
"St. Theresa's College of Education, Mayiladuthurai",Mayiladuthurai,Sirkazhi,B.Ed
"A.D.M. College for Women, Nagapattinam",Nagapattinam,Nagapattinam,Arts and Science
"E.G.S. Pillay Arts and Science College, Nagapattinam",Nagapattinam,Nagapattinam,Arts and Science
"E.G.S. Pillay College of Nursing, Nagapattinam",Nagapattinam,Nagapattinam,Nursing
"E.G.S. Pillay Engineering College, Nagapattinam",Nagapattinam,Nagapattinam,Engineering
"Sir Issac Newton College of Education, Nagapattinam",Nagapattinam,Nagapattinam,B.Ed
"Sir Issac Newton College of Engineering and Technology, Pappakovil",Nagapattinam,Kilvelur,Engineering
"Government Arts and Science College, Nagapattinam",Nagapattinam,Nagapattinam,Arts and Science
"Government Arts and Science College, Vedaranyam",Nagapattinam,Vedaranyam,Arts and Science
"Nethaji Subash Chandra Bose Arts and Science College, Nagapattinam",Nagapattinam,Nagapattinam,Arts and Science
"Sir Issac Newton College of Nursing, Nagapattinam",Nagapattinam,Nagapattinam,Nursing
"Sir Issac Newton Polytechnic College, Nagapattinam",Nagapattinam,Nagapattinam,Polytechnic
"T.A.M.S. College of Education, Nagapattinam",Nagapattinam,Nagapattinam,B.Ed
"E.G.S. Pillay College of Education, Nagapattinam",Nagapattinam,Nagapattinam,B.Ed
"E.G.S. Pillay Polytechnic College, Nagapattinam",Nagapattinam,Nagapattinam,Polytechnic
"Fisheries College and Research Institute (TNJFU), Nagapattinam",Nagapattinam,Nagapattinam,Fisheries
Government Nagapattinam Medical College,Nagapattinam,Vedaranyam,Medical
"S.K.S.S. Arts College, Tiruppanandal",Nagapattinam,Vedaranyam,Arts and Science
"Tamil Nadu Dr. J. Jayalalithaa Fisheries University, Nagapattinam",Nagapattinam,Nagapattinam,University
"Valivalam Desikar Polytechnic College, Nagapattinam",Nagapattinam,Nagapattinam,Polytechnic
"K.S.R. College of Education, Tiruchengode",Namakkal,Tiruchengodu,B.Ed
"Mahendra Engineering College, Mallasamudram",Namakkal,Kumarapalayam,Engineering
"Trinity College for Women, Namakkal",Namakkal,Namakkal,Arts and Science
"K.S.R. College of Engineering, Tiruchengode",Namakkal,Tiruchengodu,Engineering
"K.S.R. Polytechnic College, Tiruchengode",Namakkal,Tiruchengodu,Polytechnic
"Mahendra Polytechnic College, Namakkal",Namakkal,Namakkal,Polytechnic
"Muthayammal College of Arts and Science, Rasipuram",Namakkal,Rasipuram,Arts and Science
"Muthayammal Polytechnic College, Rasipuram",Namakkal,Rasipuram,Polytechnic
"PGP College of Engineering and Technology, Namakkal",Namakkal,Namakkal,Engineering
"Vivekanandha College of Education, Tiruchengode",Namakkal,Tiruchengodu,B.Ed
"Arignar Anna Government Arts College, Namakkal",Namakkal,Namakkal,Arts and Science
"J.K.K. Nataraja College of Engineering and Technology, Komarapalayam",Namakkal,Kumarapalayam,Engineering
"J.K.K. Nataraja Dental College and Hospital, Komarapalayam",Namakkal,Kumarapalayam,Medical
"Mahendra Institute of Technology, Namakkal",Namakkal,Namakkal,Engineering
"Namakkal Kavignar Ramalingam Government Arts College for Women, Namakkal",Namakkal,Namakkal,Arts and Science
"Paavai Engineering College, Pachal",Namakkal,Paramathi Velur,Engineering
"Selvam Arts and Science College, Namakkal",Namakkal,Namakkal,Arts and Science
"Sengunthar Engineering College, Tiruchengode",Namakkal,Tiruchengodu,Engineering
"Dhanvantri College of Nursing, Namakkal",Namakkal,Namakkal,Nursing
"Excel Engineering College, Komarapalayam",Namakkal,Kumarapalayam,Engineering
"K.S. Rangasamy College of Arts and Science, Tiruchengode",Namakkal,Tiruchengodu,Arts and Science
"K.S. Rangasamy College of Technology (KSRCT), Tiruchengode",Namakkal,Tiruchengodu,Engineering
"Veterinary College and Research Institute (VCRI), Namakkal",Namakkal,Namakkal,Veterinary
"Excel Polytechnic College, Komarapalayam",Namakkal,Kumarapalayam,Polytechnic
"K.S.R. Institute of Dental Science and Research, Tiruchengode",Namakkal,Tiruchengodu,Medical
"Muthayammal Engineering College, Rasipuram",Namakkal,Rasipuram,Engineering
"Paavai College of Education, Namakkal",Namakkal,Namakkal,B.Ed
"Annai College of Nursing, Namakkal",Namakkal,Namakkal,Nursing
"Gnanamani College of Technology, Pachal",Namakkal,Paramathi Velur,Engineering
Namakkal Government Medical College,Namakkal,Tiruchengodu,Medical
"PGP College of Arts and Science, Namakkal",Namakkal,Namakkal,Arts and Science
"Vivekanandha College of Arts and Sciences for Women, Tiruchengode",Namakkal,Tiruchengodu,Arts and Science
"Vivekanandha College of Engineering for Women, Tiruchengode",Namakkal,Tiruchengodu,Engineering
"Vivekanandha College of Nursing, Tiruchengode",Namakkal,Tiruchengodu,Nursing
"Emerald Heights College for Women, Ooty",Nilgiris,Coonoor,Arts and Science
"McGAN's Ooty School of Architecture, Ooty",Nilgiris,Coonoor,Architecture
"Nilgiri College of Arts and Science, Thaloor",Nilgiris,Coonoor,Arts and Science
Nilgris District Co-operative Management Institute,Nilgiris,Coonoor,Management
"St. Joseph's College of Education, Ooty",Nilgiris,Coonoor,B.Ed
"St. Jude's College of Education, Kotagiri",Nilgiris,Coonoor,B.Ed
"Government Medical College, The Nilgiris (Ooty)",Nilgiris,Gudalur,Medical
"Government Polytechnic College, Udhagamandalam",Nilgiris,Udhagamandalam,Polytechnic
"Providence College for Women, Coonoor",Nilgiris,Coonoor,Arts and Science
"Bharathiar University Arts and Science College, Gudalur",Nilgiris,Gudalur,Arts and Science
"CSI College of Engineering, Ketti",Nilgiris,Udhagamandalam,Engineering
"Government Arts College, Udhagamandalam",Nilgiris,Udhagamandalam,Arts and Science
"JSS College of Pharmacy, Ooty",Nilgiris,Udhagamandalam,Paramedical
"Kaypeeyes College of Arts and Science, Kotagiri",Nilgiris,Udhagamandalam,Arts and Science
"Monarch International College of Hotel Management, Ooty",Nilgiris,Udhagamandalam,Catering & Hotel Management
"Dhanalakshmi Srinivasan College of Arts and Science for Women, Perambalur",Perambalur,Perambalur,Arts and Science
"Dhanalakshmi Srinivasan College of Pharmacy, Perambalur",Perambalur,Perambalur,Paramedical
"Dhanalakshmi Srinivasan College of Physical Education, Perambalur",Perambalur,Perambalur,Physical Education
"Dhanalakshmi Srinivasan Engineering College, Perambalur",Perambalur,Perambalur,Engineering
"Dhanalakshmi Srinivasan Institute of Research and Technology (DSIRT), Siruvachur",Perambalur,Kunnam,Engineering
"Eden Maharishi College of Education, Perambalur",Perambalur,Perambalur,B.Ed
"Government Arts and Science College, Veppanthattai",Perambalur,Kunnam,Arts and Science
"Roever College of Education, Perambalur",Perambalur,Perambalur,B.Ed
"Roever Engineering College, Elambalur",Perambalur,Kunnam,Engineering
"Roever Institute of Management, Perambalur",Perambalur,Perambalur,Management
"Srinivasan Nursing College, Perambalur",Perambalur,Perambalur,Nursing
"Thanthai Hans Roever College (Autonomous), Perambalur",Perambalur,Perambalur,Arts and Science
"Thanthai Roever College of Nursing, Perambalur",Perambalur,Perambalur,Nursing
"Thanthai Roever Institute of Agriculture and Rural Development (TRIARD), Perambalur",Perambalur,Perambalur,Agriculture
"Christian College of Education, Perambalur",Perambalur,Perambalur,B.Ed
"Dhanalakshmi Srinivasan College of Education, Perambalur",Perambalur,Perambalur,B.Ed
"Dhanalakshmi Srinivasan College of Nursing, Perambalur",Perambalur,Perambalur,Nursing
"Dhanalakshmi Srinivasan Medical College and Hospital, Siruvachur",Perambalur,Kunnam,Medical
"Government Arts and Science College, Kurumbalur",Perambalur,Perambalur,Arts and Science
"Roever Institute of Polytechnic, Perambalur",Perambalur,Perambalur,Polytechnic
"Sri Ramakrishna College of Education, Perambalur",Perambalur,Perambalur,B.Ed
"Srinivasan College of Arts and Science, Perambalur",Perambalur,Perambalur,Arts and Science
"Srinivasan Engineering College, Perambalur",Perambalur,Perambalur,Engineering
"Srinivasan Polytechnic College, Perambalur",Perambalur,Perambalur,Polytechnic
"Swami Vivekananda College of Education, Perambalur",Perambalur,Perambalur,B.Ed
"Thanthai Roever College of Pharmacy, Perambalur",Perambalur,Perambalur,Paramedical
"Arputha College of Arts and Science, Vamban (Illuppur)",Pudukkottai,Alangudi,Arts and Science
"Auxilium College of Arts and Science for Women, Regunathapuram",Pudukkottai,Alangudi,Arts and Science
"Chendhuran College of Engineering and Technology, Thirumayam",Pudukkottai,Thirumayam,Engineering
"Government Medical College, Pudukkottai",Pudukkottai,Pudukkottai,Medical
"Mookambigai College of Engineering, Keeranur",Pudukkottai,Alangudi,Engineering
"Shanmuganathan Engineering College, Aranthangi",Pudukkottai,Aranthangi,Engineering
"Government Polytechnic College, Aranthangi",Pudukkottai,Aranthangi,Polytechnic
"Kings College of Engineering, Punalkulam",Pudukkottai,Aranthangi,Engineering
"S.B. College of Education, Aranthangi",Pudukkottai,Aranthangi,B.Ed
"Sri Bharathi Engineering College for Women, Kaikkurichi",Pudukkottai,Aranthangi,Engineering
"H.H. The Rajah's College, Pudukkottai",Pudukkottai,Pudukkottai,Arts and Science
"J.J. College of Arts and Science, Sivapuram",Pudukkottai,Gandarvakottai,Arts and Science
"Mahath Amma Institute of Engineering and Technology, Annavasal",Pudukkottai,Gandarvakottai,Engineering
"Mount Zion College of Education, Pudukkottai",Pudukkottai,Pudukkottai,B.Ed
"Naina Mohamed College of Arts and Science, Aranthangi",Pudukkottai,Aranthangi,Arts and Science
"Sudharsan Engineering College, Sathiyamangalam",Pudukkottai,Gandarvakottai,Engineering
"Mount Zion College of Nursing, Lena Vilakku",Pudukkottai,Viralimalai,Nursing
"Sudharsan College of Arts and Science, Perumanadu",Pudukkottai,Pudukkottai,Arts and Science
"Sudharsan Polytechnic College, Sathiyamangalam",Pudukkottai,Pudukkottai,Polytechnic
"Government Law College, Pudukkottai",Pudukkottai,Pudukkottai,Law
Government Pudukkottai Medical College - College of Nursing,Pudukkottai,Thirumayam,Nursing
"Keeranur College of Nursing, Keeranur",Pudukkottai,Alangudi,Nursing
"M.N.S.K. College of Engineering, Pudukkottai",Pudukkottai,Pudukkottai,Engineering
"Mother Teresa College of Education, Illuppur",Pudukkottai,Thirumayam,B.Ed
"Sri Bharathi Polytechnic College for Women, Kaikkurichi",Pudukkottai,Thirumayam,Polytechnic
"Agricultural College and Research Institute (AC&RI TNAU), Kudumiyanmalai",Pudukkottai,Viralimalai,Agriculture
"Government Arts College for Women, Pudukkottai",Pudukkottai,Pudukkottai,Arts and Science
"Government Arts and Science College, Alangudi",Pudukkottai,Alangudi,Arts and Science
"Government Arts and Science College, Karambakkudi",Pudukkottai,Viralimalai,Arts and Science
"Meenakshi Chandrasekaran College of Arts and Science, Karambakkudi",Pudukkottai,Viralimalai,Arts and Science
"Mount Zion College of Engineering and Technology, Lena Vilakku",Pudukkottai,Viralimalai,Engineering
"Alagappa University Evening College, Paramakudi",Ramanathapuram,Paramakudi,Arts and Science
"Government Arts and Science College, Thiruvadanai",Ramanathapuram,Tiruvadanai,Arts and Science
"Mohamed Sathak Polytechnic College, Kilakarai",Ramanathapuram,Ramanathapuram,Polytechnic
"Pioneer College of Nursing, Ramanathapuram",Ramanathapuram,Ramanathapuram,Nursing
"Sri Muthalamman Polytechnic College, Paramakudi",Ramanathapuram,Paramakudi,Polytechnic
"Syed Ammal College of Education, Ramanathapuram",Ramanathapuram,Ramanathapuram,B.Ed
"Syed Ammal Engineering College, Ramanathapuram",Ramanathapuram,Ramanathapuram,Engineering
"Caussanel College of Arts and Science, Muthupettai",Ramanathapuram,Paramakudi,Arts and Science
"Government Arts and Science College, Kadaladi",Ramanathapuram,Paramakudi,Arts and Science
"Government Arts and Science College, Paramakudi",Ramanathapuram,Paramakudi,Arts and Science
"Mohamed Sathak Engineering College, Kilakarai",Ramanathapuram,Ramanathapuram,Engineering
"Sethupathy Government Arts College, Ramanathapuram",Ramanathapuram,Ramanathapuram,Arts and Science
"Sonai Meenal Arts and Science College, Mudukulathur",Ramanathapuram,Paramakudi,Arts and Science
"Syed Ammal Arts and Science College, Ramanathapuram",Ramanathapuram,Ramanathapuram,Arts and Science
"Ganapathy College of Education, Paramakudi",Ramanathapuram,Paramakudi,B.Ed
"Mohamed Sathak Hamid College of Arts and Science for Women, Ramanathapuram",Ramanathapuram,Ramanathapuram,Arts and Science
Ramanathapuram District Co-operative Management Institute,Ramanathapuram,Ramanathapuram,Management
Ramanathapuram Government Medical College - College of Nursing,Ramanathapuram,Ramanathapuram,Nursing
"Thassim Beevi Abdul Kader College of Education, Kilakarai",Ramanathapuram,Ramanathapuram,B.Ed
"University College of Engineering, Ramanathapuram",Ramanathapuram,Ramanathapuram,Engineering
"Government Arts and Science College, Rameswaram",Ramanathapuram,Tiruvadanai,Arts and Science
"Government Law College, Ramanathapuram",Ramanathapuram,Ramanathapuram,Law
"Government Medical College, Ramanathapuram",Ramanathapuram,Ramanathapuram,Medical
"P.T.M.T.M. College (Pasumpon Thiru Muthuramalinga Thevar Memorial College), Kamuthi",Ramanathapuram,Mudhukulathur,Arts and Science
"Thassim Beevi Abdul Kader College for Women, Kilakarai",Ramanathapuram,Ramanathapuram,Arts and Science
"Arakkonam Arts and Science College, Arakkonam",Ranipet,Arakkonam,Arts and Science
"C. Abdul Hakeem College of Engineering and Technology, Melvisharam",Ranipet,Arcot,Engineering
"Government Arts and Science College, Nemili",Ranipet,Arakkonam,Arts and Science
"Government Polytechnic College, Arakkonam",Ranipet,Arakkonam,Polytechnic
"Ranipet Engineering College, Thenkadappanthangal",Ranipet,Arakkonam,Engineering
"Thiruvalluvar University Constituent College of Arts and Science, Arakkonam",Ranipet,Arakkonam,Arts and Science
"Arcot Sri Mahalakshmi Women's College, Villapakkam",Ranipet,Sholingur,Arts and Science
"C. Abdul Hakeem College (Autonomous), Melvisharam",Ranipet,Arcot,Arts and Science
"Arcot Sri Mahalakshmi College of Education, Villapakkam",Ranipet,Sholingur,B.Ed
"Global Institute of Engineering and Technology, Melvisharam",Ranipet,Arcot,Engineering
"Scudder Memorial Hospital College of Nursing, Ranipet",Ranipet,Ranipet,Nursing
"Arcot Sri Mahalakshmi College of Nursing, Villapakkam",Ranipet,Sholingur,Nursing
"Arignar Anna Government Arts College, Walajapet",Ranipet,Sholingur,Arts and Science
"Periyar University, Salem",Salem,Salem (South),University
"Sri Sarada College for Women (Autonomous), Salem",Salem,Salem (South),Arts and Science
"Arignar Anna Government Arts College, Attur",Salem,Attur,Arts and Science
"Padmavani Arts and Science College for Women, Salem",Salem,Salem (South),Arts and Science
"Sri Sarada College of Education, Salem",Salem,Salem (South),B.Ed
"Annapoorana Medical College and Hospitals, Salem",Salem,Salem (South),Medical
"Government Mohan Kumaramangalam College of Nursing, Salem",Salem,Salem (South),Nursing
"Government Mohan Kumaramangalam Medical College, Salem",Salem,Salem (South),Medical
"Jairam Arts and Science College, Salem",Salem,Salem (South),Arts and Science
"Periyar University Constituent College of Arts and Science, Idappadi",Salem,Gangavalli,Arts and Science
"Murugesan Institute of Technology Polytechnic College, Salem",Salem,Salem (South),Polytechnic
"Salem College of Engineering and Technology, Salem",Salem,Salem (South),Engineering
"Shanmuga College of Nursing, Salem",Salem,Salem (South),Nursing
"Sona College of Technology, Salem",Salem,Salem (South),Engineering
"Dhirajlal Gandhi College of Technology (DGCT), Omalur",Salem,Omalur,Engineering
"Vysya College of Education, Salem",Salem,Salem (South),B.Ed
"Salem Sowdeswari College, Salem",Salem,Salem (South),Arts and Science
"VSA Group of Institutions, Salem",Salem,Salem (South),Engineering
"Vinayaka Mission's Kirupananda Variyar Medical College and Hospitals, Salem",Salem,Salem (South),Medical
"Narasu's Sarathy Institute of Technology, Poosaripatty",Salem,Salem (South),Engineering
"Salem Polyclinic College of Nursing, Salem",Salem,Salem (South),Nursing
"Sri Ganesh College of Engineering and Technology, Salem",Salem,Salem (South),Engineering
"Annapoorana Engineering College, Salem",Salem,Salem (South),Engineering
"Bharathiyar Arts and Science College for Women, Deviyakurichi",Salem,Salem (West),Arts and Science
"Knowledge Institute of Technology (KIOT), Kakapalayam",Salem,Salem (West),Engineering
"AVS College of Technology, Salem",Salem,Salem (South),Engineering
"AVS Engineering College, Ammapet",Salem,Sankari,Engineering
"Ganesh College of Education, Salem",Salem,Salem (South),B.Ed
"Thiagarajar Polytechnic College, Salem",Salem,Salem (South),Polytechnic
"AVS College of Arts and Science, Salem",Salem,Salem (South),Arts and Science
"Government Arts College for Women, Salem",Salem,Salem (South),Arts and Science
"Government College of Engineering, Salem",Salem,Salem (South),Engineering
"CSI Polytechnic College, Salem",Salem,Salem (South),Polytechnic
"Government Arts College (Autonomous), Salem",Salem,Salem (South),Arts and Science
"Government Law College, Salem",Salem,Salem (South),Law
"Shri Sakthikailassh Women's College, Salem",Salem,Salem (South),Arts and Science
"Vinayaka Mission's Research Foundation (Deemed to be University), Salem",Salem,Salem (South),University
"Vysya College, Salem",Salem,Salem (South),Arts and Science
"Alagappa Polytechnic College, Karaikudi",Sivaganga,Karaikudi,Polytechnic
"Ananda College, Devakottai",Sivaganga,Karaikudi,Arts and Science
"Central Electro Chemical Research Institute (CSIR-CECRI), Karaikudi",Sivaganga,Karaikudi,Engineering
"Chidambaram College of Nursing, Sivaganga",Sivaganga,Sivaganga,Nursing
"Government Sivaganga Medical College - College of Nursing, Sivaganga",Sivaganga,Sivaganga,Nursing
"Ramar Polytechnic College, Kalayarkoil",Sivaganga,Sivaganga,Polytechnic
"Sri Raaja Raajan College of Education for Women, Amaravathipudur",Sivaganga,Manamadurai,B.Ed
"Alagappa Chettiar Government College of Engineering and Technology (ACGCET), Karaikudi",Sivaganga,Karaikudi,Engineering
"Alagappa University (Autonomous), Karaikudi",Sivaganga,Karaikudi,University
"K.L.N. College of Information Technology, Pottapalayam",Sivaganga,Manamadurai,Engineering
"K.L.N. Polytechnic College, Pottapalayam",Sivaganga,Manamadurai,Polytechnic
"K.L.N. Vidyalaya College of Education, Pottapalayam",Sivaganga,Manamadurai,B.Ed
"Seethalakshmi Achi College for Women, Pallathur",Sivaganga,Manamadurai,Arts and Science
"Sri Raaja Raajan College of Engineering and Technology, Amaravathipudur",Sivaganga,Manamadurai,Engineering
"Sri Sarada Niketan College of Science for Women, Amaravathipudur",Sivaganga,Manamadurai,Arts and Science
"V.S. Sivalingam Government Arts College, Pulankurichi",Sivaganga,Manamadurai,Arts and Science
"Government Sivaganga Medical College and Hospital, Sivaganga",Sivaganga,Sivaganga,Medical
"K.L.N. College of Engineering, Pottapalayam",Sivaganga,Sivaganga,Engineering
"Raja Doraisingam Government Arts College, Sivaganga",Sivaganga,Sivaganga,Arts and Science
"St. Michael College of Engineering and Technology, Kalayarkoil",Sivaganga,Sivaganga,Engineering
"Alagappa Government Arts College, Karaikudi",Sivaganga,Karaikudi,Arts and Science
"Alagappa University College of Education, Karaikudi",Sivaganga,Karaikudi,B.Ed
"Arumugam Pillai Seethai Ammal College, Tiruppattur (Sivaganga)",Sivaganga,Sivaganga,Arts and Science
"Idhaya College for Women, Sarugani",Sivaganga,Tiruppattur,Arts and Science
"Pandian Saraswathi Yadav Engineering College (PSYEC), Arasanoor",Sivaganga,Tiruppattur,Engineering
"Pandian Saraswathi Yadav Polytechnic College, Arasanoor",Sivaganga,Tiruppattur,Polytechnic
"S.P.T. Polytechnic College, Sivaganga",Sivaganga,Sivaganga,Polytechnic
"Government Arts and Science College, Sankarankovil",Tenkasi,Sankarankovil,Arts and Science
"J.P. College of Education, Ayikudy",Tenkasi,Alangulam,B.Ed
"Matha College of Nursing, Alangulam",Tenkasi,Alangulam,Nursing
"Sardar Raja College of Engineering, Alangulam",Tenkasi,Alangulam,Engineering
"Sri Ram Nallamani Yadava College of Pharmacy, Tenkasi",Tenkasi,Tenkasi,Paramedical
"T.P.M. Polytechnic College, Sankarankovil",Tenkasi,Sankarankovil,Polytechnic
"J.P. College of Arts and Science, Ayikudy",Tenkasi,Kadayanallur,Arts and Science
"Mahakavi Bharathiyar College of Engineering and Technology, Vasudevanallur",Tenkasi,Vasudevanallur,Engineering
"S. S. Polytechnic College, Alangulam",Tenkasi,Alangulam,Polytechnic
"Govi. Arts and Science College, Surandai",Tenkasi,Sankarankovil,Arts and Science
"Greeno Polytechnic College, Alangulam",Tenkasi,Alangulam,Polytechnic
"Pasumpon Muthuramalinga Thevar College, Melaneelithanallur",Tenkasi,Sankarankovil,Arts and Science
"S. Thangapazham Medical College of Naturopathy and Yogic Science, Vasudevanallur",Tenkasi,Vasudevanallur,Medical
"Sri Parasakthi College of Education for Women, Courtallam",Tenkasi,Tenkasi,B.Ed
"Sri Ram Nallamani Yadava College of Arts and Science, Tenkasi",Tenkasi,Tenkasi,Arts and Science
"Sri Vyasa Arts and Science College, Vadakarai",Tenkasi,Sankarankovil,Arts and Science
"V.K.P. Polytechnic College, Sankarankovil",Tenkasi,Sankarankovil,Polytechnic
"J.P. College of Engineering, Ayikudy",Tenkasi,Tenkasi,Engineering
"S. Thangapazham Agricultural College (STAC), Vasudevanallur",Tenkasi,Vasudevanallur,Agriculture
"S. Thirumalai Kumarasamy Arts and Science College, Courtallam",Tenkasi,Tenkasi,Arts and Science
"Sri Ram Nallamani Yadava College of Education, Tenkasi",Tenkasi,Tenkasi,B.Ed
"Government Arts and Science College, Kadayanallur",Tenkasi,Kadayanallur,Arts and Science
"M.S.P. Velayutham Nadar Polytechnic College, Pavoorchatram",Tenkasi,Vasudevanallur,Polytechnic
"S. Veerasamy Chettiar College of Engineering and Technology, Puliangudi",Tenkasi,Kadayanallur,Engineering
"Sardar Raja Arts and Science College, Alangulam",Tenkasi,Alangulam,Arts and Science
"Sri Parasakthi College for Women (Autonomous), Courtallam",Tenkasi,Tenkasi,Arts and Science
"Bon Secours College of Education, Thanjavur",Thanjavur,Thanjavur,B.Ed
"Dharmambal Ramasamy Arts and Science College, Thanjavur",Thanjavur,Thanjavur,Arts and Science
"Government Arts and Science College, Peravurani",Thanjavur,Peravurani,Arts and Science
"Mannai Narayanasamy College of Nursing, Thanjavur",Thanjavur,Thanjavur,Nursing
"Marudupandiyar College of Arts and Science, Thanjavur",Thanjavur,Thanjavur,Arts and Science
"P.R. Engineering College, Vallam",Thanjavur,Thiruvaiyaru,Engineering
"T.U.K. Arts College (Karanthai Tamil Sangam), Thanjavur",Thanjavur,Thanjavur,Arts and Science
"Adaikkala Madha College of Arts and Science, Vallam",Thanjavur,Thiruvaiyaru,Arts and Science
"As-salam College of Engineering and Technology, Aduthurai",Thanjavur,Papanasam,Engineering
"Dr. M. S. Swaminathan Agricultural College and Research Institute (TNAU), Eachangottai",Thanjavur,Orathanadu,Agriculture
"Meenakshi Chandrasekaran College of Arts and Science, Pattukkottai",Thanjavur,Pattukkottai,Arts and Science
"Periyar Maniammai Institute of Science & Technology (PMIST), Vallam",Thanjavur,Thiruvaiyaru,University
"Vandayar Engineering College, Thanjavur",Thanjavur,Thanjavur,Engineering
"Manali Ramakrishna Polytechnic College, Thanjavur",Thanjavur,Thanjavur,Polytechnic
"Shanmuga Polytechnic College, Thanjavur",Thanjavur,Thanjavur,Polytechnic
"Star Lion College of Engineering and Technology, Thanjavur",Thanjavur,Thanjavur,Engineering
"University College of Engineering (Anna University), Pattukkottai",Thanjavur,Pattukkottai,Engineering
"Annai College of Engineering and Technology (ACET), Kumbakonam",Thanjavur,Kumbakonam,Engineering
"Annai Medical College of Siddha and Research Centre, Kumbakonam",Thanjavur,Kumbakonam,Medical
"Bharath College of Science and Management, Thanjavur",Thanjavur,Thanjavur,Arts and Science
"Government Arts College, Kumbakonam",Thanjavur,Kumbakonam,Arts and Science
"Government College for Women, Kumbakonam",Thanjavur,Kumbakonam,Arts and Science
"Government Yoga and Naturopathy Medical College, Thanjavur",Thanjavur,Thanjavur,Medical
"KSK College of Engineering & Technology, Kumbakonam",Thanjavur,Kumbakonam,Engineering
"Rajah's College of Sanskrit and Tamil Studies, Thiruvaiyaru",Thanjavur,Thiruvaiyaru,Arts and Science
"Sri Venkateshwara College of Arts and Science, Peravurani",Thanjavur,Peravurani,Arts and Science
"Tamil University, Thanjavur",Thanjavur,Thanjavur,University
"Thanjavur Medical College - College of Nursing, Thanjavur",Thanjavur,Thanjavur,Nursing
"A.V.V.M. Sri Pushpam College, Poondi",Thanjavur,Peravurani,Arts and Science
"Annai Vailankanni Arts and Science College, Thanjavur",Thanjavur,Thanjavur,Arts and Science
"Kamala Subramaniam College of Nursing, Thanjavur",Thanjavur,Thanjavur,Nursing
"Khadir Mohideen College, Adirampattinam",Thanjavur,Pattukkottai,Arts and Science
"Our Lady of Health School and College of Nursing, Thanjavur",Thanjavur,Thanjavur,Nursing
"Rajagiri Dawood Batcha College of Arts and Science, Papanasam",Thanjavur,Papanasam,Arts and Science
"Rajah Serfoji Government College, Thanjavur",Thanjavur,Thanjavur,Arts and Science
"Shanmugha Arts Science Technology and Research Academy (SASTRA), Thirumalaisamudram",Thanjavur,Thanjavur,University
"St. Joseph's College of Engineering & Technology (DMI), Thanjavur",Thanjavur,Thanjavur,Engineering
"Swami Vivekananda Arts and Science College, Vallam",Thanjavur,Thiruvaiyaru,Arts and Science
"Thanjavur Medical College (TMC), Thanjavur",Thanjavur,Thanjavur,Medical
"Idhaya College for Women, Kumbakonam",Thanjavur,Kumbakonam,Arts and Science
"Ponnaiyah Ramajayam Institute of Science and Technology (PRIST), Vallam",Thanjavur,Thiruvaiyaru,University
"Ramya Sathianathan College of Education, Thanjavur",Thanjavur,Thanjavur,B.Ed
"Arasu Engineering College (AEC), Kumbakonam",Thanjavur,Kumbakonam,Engineering
"Bon Secours College for Women, Thanjavur",Thanjavur,Thanjavur,Arts and Science
"Enathi Rajappa College of Arts and Science, Pattukkottai",Thanjavur,Pattukkottai,Arts and Science
"Government College of Engineering, Sengipatti",Thanjavur,Thiruvaiyaru,Engineering
"Kunthavai Naacchiyaar Government Arts College for Women, Thanjavur",Thanjavur,Thanjavur,Arts and Science
"National Institute of Food Technology Entrepreneurship and Management (NIFTEM), Thanjavur",Thanjavur,Thanjavur,University
"Periyar Centenary Polytechnic College, Vallam",Thanjavur,Thiruvaiyaru,Polytechnic
"Ramya Sathianathan Polytechnic College, Thanjavur",Thanjavur,Thanjavur,Polytechnic
"St. Xavier School and College of Nursing, Kumbakonam",Thanjavur,Kumbakonam,Nursing
"Government Polytechnic College, Kumbakonam",Thanjavur,Kumbakonam,Polytechnic
"Indian Institute of Catering Technology and Hotel Management, Thanjavur",Thanjavur,Thanjavur,Catering & Hotel Management
"Parisutham Institute of Technology & Science (PITS), Thanjavur",Thanjavur,Thanjavur,Engineering
"Sami Arul College of Arts and Science, Vallam",Thanjavur,Thiruvaiyaru,Arts and Science
"Veterinary College and Research Institute (TANUVAS), Orathanadu",Thanjavur,Orathanadu,Veterinary
"Annai Polytechnic College, Veerapandi (Theni)",Theni,Andipatti,Polytechnic
"Bharath Niketan Engineering College, Aundipatty",Theni,Andipatti,Engineering
"CPA Polytechnic College, Bodinayakanur",Theni,Bodinayakanur,Polytechnic
"Government Theni Medical College, Theni",Theni,Andipatti,Medical
"Nadar Saraswathi College of Arts and Science, Theni",Theni,Andipatti,Arts and Science
"Nadar Saraswathi College of Education, Theni",Theni,Andipatti,B.Ed
"Nadar Saraswathi College of Engineering and Technology, Theni",Theni,Andipatti,Engineering
"Theni Kammavar Sangam Polytechnic College, Theni",Theni,Andipatti,Polytechnic
"Cardamom Planter's Association (CPA) College, Bodinayakanur",Theni,Bodinayakanur,Arts and Science
"Mary Matha College of Arts and Science, Periyakulam",Theni,Periyakulam,Arts and Science
"Sri Adi Chunchanagiri Women's College, Cumbum",Theni,Cumbum,Arts and Science
"Theni Medical College - College of Nursing, Theni",Theni,Bodinayakanur,Nursing
"Jayaraj Annapackiam College for Women (Autonomous), Periyakulam",Theni,Periyakulam,Arts and Science
"Theni Kammavar Sangam College of Education, Theni",Theni,Cumbum,B.Ed
"CPA College of Education, Bodinayakanur",Theni,Bodinayakanur,B.Ed
"Government Arts and Science College, Veerapandi (Theni)",Theni,Periyakulam,Arts and Science
"Govindammal College of Nursing, Theni",Theni,Periyakulam,Nursing
"Hajee Karutha Rowther Howdia College (Autonomous), Uthamapalayam",Theni,Periyakulam,Arts and Science
"Odaiyappa College of Engineering and Technology, Theni",Theni,Periyakulam,Engineering
"St. Anne's College of Education for Women, Periyakulam",Theni,Periyakulam,B.Ed
"Theni Kammavar Sangam College of Technology, Theni",Theni,Periyakulam,Engineering
DG Vaishnav College,Thiruvallur,Avadi,General
Mother Teresa Womens University,Thiruvallur,Avadi,General
Sastra University Law School,Thiruvallur,Avadi,General
TA PAS College,Thiruvallur,Avadi,General
SRM University,Thiruvallur,Gummidipoondi,General
Ethiraj College,Thiruvallur,Ponneri,General
Hindustan College,Thiruvallur,Poonamallee,General
PSG College of Arts & Science,Thiruvallur,Poonamallee,General
Stella Maris College,Thiruvallur,Poonamallee,General
TNAU Coimbatore,Coimbatore,Coimbatore City,General
Manipal Institute,Thiruvallur,Thiruvallur,General
VISTAS Chennai,Chennai,Chennai City,General
VIT Vellore,Vellore,Vellore City,General
Agri College Killikulam,Thiruvallur,Tiruttani,General
PSG Tech,Thiruvallur,Tiruttani,General
Loyola College,Thiruvarur,Mannargudi,General
Alagappa University,Thiruvarur,Nannilam,General
Annamalai University,Thiruvarur,Nannilam,General
Coimbatore Institute of Technology,Coimbatore,Coimbatore City,General
Kongu Engineering College,Thiruvarur,Thiruthuraipoondi,General
Government College of Fine Arts Chennai,Chennai,Chennai City,General
"A.P.C. Mahalaxmi College for Women, Thoothukudi",Thoothukudi,Thoothukkudi,Arts and Science
"Chandy College of Education, Thoothukudi",Thoothukudi,Thoothukkudi,B.Ed
"Chandy College of Engineering, Thoothukudi",Thoothukudi,Thoothukkudi,Engineering
"Govindammal Aditanar College for Women, Tiruchendur",Thoothukudi,Tiruchendur,Arts and Science
"K.R. College of Arts and Science, Kovilpatti",Thoothukudi,Kovilpatti,Arts and Science
"Kamaraj College, Thoothukudi",Thoothukudi,Thoothukkudi,Arts and Science
"Sivanthi Aditanar College of Education, Tiruchendur",Thoothukudi,Tiruchendur,B.Ed
"Thoothukudi Medical College (Government), Thoothukudi",Thoothukudi,Thoothukkudi,Medical
Thoothukudi Medical College - College of Nursing,Thoothukudi,Kovilpatti,Nursing
"Aditanar College of Arts and Science, Tiruchendur",Thoothukudi,Tiruchendur,Arts and Science
"Jayaraj Annapackiam CSI College of Engineering, Nazareth",Thoothukudi,Ottapidaram,Engineering
"Lakshmi Ammal Polytechnic College, Kovilpatti",Thoothukudi,Kovilpatti,Polytechnic
"Rev. John Thomas College of Education, Megnanapuram",Thoothukudi,Ottapidaram,B.Ed
"St. Mary's College (Autonomous), Thoothukudi",Thoothukudi,Thoothukkudi,Arts and Science
"V.O.C. College of Education, Thoothukudi",Thoothukudi,Thoothukkudi,B.Ed
"Dr. G.U. Pope College of Education, Sawyerpuram",Thoothukudi,Srivaikuntam,B.Ed
"G. Venkataswamy Naidu College (GVN), Kovilpatti",Thoothukudi,Kovilpatti,Arts and Science
"Holy Cross Engineering College, Thoothukudi",Thoothukudi,Thoothukkudi,Engineering
"Holy Cross Home Science College, Thoothukudi",Thoothukudi,Thoothukkudi,Arts and Science
"Nazareth Margoschis College, Pillaiyanmanai (Nazareth)",Thoothukudi,Srivaikuntam,Arts and Science
"St. Ann's College of Nursing, Thoothukudi",Thoothukudi,Thoothukkudi,Nursing
"St. Mother Theresa Engineering College, Vagaikulam",Thoothukudi,Srivaikuntam,Engineering
"University College of Engineering (UCE), Thoothukudi",Thoothukudi,Thoothukkudi,Engineering
"Unnamalai Institute of Technology, Kovilpatti",Thoothukudi,Kovilpatti,Engineering
"Dr. Sivanthi Aditanar College of Engineering, Tiruchendur",Thoothukudi,Tiruchendur,Engineering
"Fisheries College and Research Institute (FCRI), Thoothukudi",Thoothukudi,Thoothukkudi,Fisheries
"Government Polytechnic College, Thoothukudi",Thoothukudi,Thoothukkudi,Polytechnic
"National Engineering College (NEC), Kovilpatti",Thoothukudi,Kovilpatti,Engineering
"V.O. Chidambaram College (VOC College), Thoothukudi",Thoothukudi,Thoothukkudi,Arts and Science
"Infant Jesus College of Engineering, Keela Vallanadu",Thoothukudi,Tiruchendur,Engineering
"Pope's College, Sawyerpuram",Thoothukudi,Tiruchendur,Arts and Science
"Sri K.G.S. Arts College, Srivaikuntam",Thoothukudi,Srivaikuntam,Arts and Science
"Agricultural College and Research Institute (AC&RI), Killikulam",Thoothukudi,Vilathikulam,Agriculture
Indian Institute of Information Technology Tiruchirappalli (IIIT Srirangam),Tiruchirappalli,Lalgudi,Engineering
"Jamal Mohamed College (Autonomous), Trichy",Tiruchirappalli,Tiruchirappalli (East),Arts and Science
"Srimad Andavan Arts and Science College, Thiruvanaikoil",Tiruchirappalli,Lalgudi,Arts and Science
"St. Joseph's College (Autonomous), Trichy",Tiruchirappalli,Tiruchirappalli (East),Arts and Science
"Tamil Nadu National Law University (TNNLU), Navalurkuttappattu",Tiruchirappalli,Lalgudi,Law
"Cauvery College for Women, Trichy",Tiruchirappalli,Tiruchirappalli (East),Arts and Science
"Child Jesus College of Nursing, Trichy",Tiruchirappalli,Tiruchirappalli (East),Nursing
"Holy Cross College of Education, Trichy",Tiruchirappalli,Tiruchirappalli (East),B.Ed
National Institute of Technology Tiruchirappalli (NIT Trichy),Tiruchirappalli,Manachanallur,University
"SRM Medical College Hospital and Research Centre, Irungalur",Tiruchirappalli,Manachanallur,Medical
"Seshasayee Institute of Technology, Ariyamangalam",Tiruchirappalli,Manachanallur,Polytechnic
"TRP Engineering College, Irungalur",Tiruchirappalli,Manachanallur,Engineering
"Government Law College, Tiruchirappalli",Tiruchirappalli,Tiruchirappalli (East),Law
"K.A.P. Viswanatham Government Medical College, Trichy",Tiruchirappalli,Tiruchirappalli (East),Medical
"AIMAN College of Arts and Science for Women, Trichy",Tiruchirappalli,Tiruchirappalli (East),Arts and Science
Bharathidasan University,Tiruchirappalli,Thiruverambur,University
"K. Ramakrishnan College of Education, Samayapuram",Tiruchirappalli,Musiri,B.Ed
"M.I.E.T. Polytechnic College, Gundur",Tiruchirappalli,Musiri,Polytechnic
"Anbil Dharmalingam Agricultural College and Research Institute (ADAC&RI), Navalurkuttappattu",Tiruchirappalli,Srirangam,Agriculture
"Bishop Heber College (Autonomous), Trichy",Tiruchirappalli,Tiruchirappalli (East),Arts and Science
Indian Institute of Management Tiruchirappalli (IIM Trichy),Tiruchirappalli,Srirangam,Management
"Institute of Hotel Management Catering Technology and Applied Nutrition (IHM), Thuvakkudi",Tiruchirappalli,Srirangam,Catering & Hotel Management
"J.J. College of Engineering and Technology, Ammapettai",Tiruchirappalli,Srirangam,Engineering
"Shivani Engineering College, Navalurkuttappattu",Tiruchirappalli,Srirangam,Engineering
"Shrimati Indira Gandhi College, Trichy",Tiruchirappalli,Tiruchirappalli (East),Arts and Science
"Indira Ganesan College of Education, Manikandam",Tiruchirappalli,Thiruverambur,B.Ed
"J.J. College of Education, Ammapettai",Tiruchirappalli,Thiruverambur,B.Ed
K.A.P. Viswanatham Government Medical College - College of Nursing,Tiruchirappalli,Thiruverambur,Nursing
"Government Arts College, Thiruverumbur",Tiruchirappalli,Thiruverambur,Arts and Science
"Indira Ganesan College of Nursing, Manikandam",Tiruchirappalli,Thuraiyur,Nursing
"M.A.M. College of Engineering, Siruganur",Tiruchirappalli,Thuraiyur,Engineering
"Servite College of Nursing, Edamalaipatti Pudur",Tiruchirappalli,Thuraiyur,Nursing
"Veterinary College and Research Institute (TANUVAS), Ramji Nagar",Tiruchirappalli,Thuraiyur,Veterinary
"CARE College of Engineering, Thayanoor",Tiruchirappalli,Tiruchirappalli (East),Engineering
"E.V.R. Periyar Government Arts College, Trichy",Tiruchirappalli,Tiruchirappalli (East),Arts and Science
"Government College of Engineering, Srirangam",Tiruchirappalli,Srirangam,Engineering
"K. Ramakrishnan College of Technology, Samayapuram",Tiruchirappalli,Tiruchirappalli (East),Engineering
"Seethalakshmi Ramaswami College, Trichy",Tiruchirappalli,Tiruchirappalli (East),Arts and Science
"Holy Cross College (Autonomous), Trichy",Tiruchirappalli,Tiruchirappalli (East),Arts and Science
"Horticultural College and Research Institute for Women (HC&RIW), Navalurkuttappattu",Tiruchirappalli,Tiruchirappalli (West),Agriculture
"K. Ramakrishnan College of Engineering, Samayapuram",Tiruchirappalli,Tiruchirappalli (West),Engineering
"Kongunadu College of Engineering and Technology, Thottiam",Tiruchirappalli,Tiruchirappalli (West),Engineering
"M.I.E.T. Engineering College, Gundur",Tiruchirappalli,Tiruchirappalli (West),Engineering
"National College, Trichy",Tiruchirappalli,Tiruchirappalli (East),Arts and Science
"Oxford Engineering College, Pirattiyur",Tiruchirappalli,Tiruchirappalli (West),Engineering
"Saranathan College of Engineering, Panjappur",Tiruchirappalli,Tiruchirappalli (West),Engineering
"University College of Engineering (BIT Campus Anna University), Tiruchirappalli",Tiruchirappalli,Tiruchirappalli (East),Engineering
"Urumu Dhanalakshmi College, Kattur",Tiruchirappalli,Tiruchirappalli (West),Arts and Science
"Government Law College, Palayamkottai",Tirunelveli,Palayamkottai,Law
"Government Law College, Tirunelveli",Tirunelveli,Tirunelveli,Law
"M.D.T. Hindu College, Pettai",Tirunelveli,Ambasamudram,Arts and Science
"PET Engineering College, Vallioor",Tirunelveli,Ambasamudram,Engineering
"Rose Mary College of Arts and Science, Tirunelveli",Tirunelveli,Tirunelveli,Arts and Science
"Sadakathullah Appa College, Rahmath Nagar",Tirunelveli,Ambasamudram,Arts and Science
"Sri Sarada College for Women, Ariyakulam",Tirunelveli,Ambasamudram,Arts and Science
"Annammal College of Nursing, Tirunelveli",Tirunelveli,Tirunelveli,Nursing
"SCAD Polytechnic College, Cheranmahadevi",Tirunelveli,Nanguneri,Polytechnic
"Sarah Tucker College, Palayamkottai",Tirunelveli,Palayamkottai,Arts and Science
"Ambasamudram Arts College, Ambasamudram",Tirunelveli,Ambasamudram,Arts and Science
FX Polytechnic College,Tirunelveli,Palayamkottai,Polytechnic
"Francis Xavier Engineering College, Vannarpettai",Tirunelveli,Palayamkottai,Engineering
"Nehru Nursing College, Vallioor",Tirunelveli,Palayamkottai,Nursing
"Sri Sarada College of Education for Women, Tirunelveli",Tirunelveli,Tirunelveli,B.Ed
"St. Ignatius College of Education for Women, Palayamkottai",Tirunelveli,Palayamkottai,B.Ed
"St. Xavier's College of Education, Palayamkottai",Tirunelveli,Palayamkottai,B.Ed
"Tirunelveli Medical College (Government), Super Nagar",Tirunelveli,Palayamkottai,Medical
"VV College of Engineering, Tisaiyanvilai",Tirunelveli,Palayamkottai,Engineering
"Einstein College of Engineering, Seethaparpanallur",Tirunelveli,Radhapuram,Engineering
"Government Siddha Medical College, Palayamkottai",Tirunelveli,Palayamkottai,Medical
"Kamaraj College of Arts and Science, Surandai",Tirunelveli,Radhapuram,Arts and Science
"Manonmaniam Sundaranar University, Abishekapatti",Tirunelveli,Radhapuram,University
"St. Xavier's College (Autonomous), Palayamkottai",Tirunelveli,Palayamkottai,Arts and Science
"Thamirabharani Engineering College, Thatchanallur",Tirunelveli,Radhapuram,Engineering
Annammal College of Education for Women,Tirunelveli,Tirunelveli,B.Ed
"Government College of Arts and Science, Nanguneri",Tirunelveli,Nanguneri,Arts and Science
"PSN College of Engineering and Technology, Melathediyoor",Tirunelveli,Tirunelveli,Engineering
"Rani Anna Government College for Women, Gandhinagar",Tirunelveli,Tirunelveli,Arts and Science
"SCAD College of Engineering and Technology, Cheranmahadevi",Tirunelveli,Tirunelveli,Engineering
"SCAD College of Nursing, Cheranmahadevi",Tirunelveli,Tirunelveli,Nursing
"Sankar Polytechnic College, Sankar Nagar",Tirunelveli,Tirunelveli,Polytechnic
"St. John's College, Palayamkottai",Tirunelveli,Palayamkottai,Arts and Science
Tirunelveli Medical College - College of Nursing,Tirunelveli,Tirunelveli,Nursing
"Mazharul Uloom College, Ambur",Tirupathur,Ambur,Arts and Science
Ambur Reddy Education Society College (Ambur),Tirupathur,General,Arts and Science
"Bharathidasan Engineering College, Natrampalli",Tirupathur,Natrampalli,Engineering
"S.K.S. College of Nursing, Natrampalli",Tirupathur,Natrampalli,Nursing
"S.K.S. Institute of Technology, Natrampalli",Tirupathur,Natrampalli,Engineering
"Annammal Nursing College, Tirupathur",Tirupathur,Tirupathur,Nursing
"Government Arts and Science College, Tirupathur",Tirupathur,Tirupathur,Arts and Science
"Government Polytechnic College, Tirupathur",Tirupathur,Tirupathur,Polytechnic
"Holy Cross Arts and Science College, Tirupathur",Tirupathur,Tirupathur,Arts and Science
"Podhigai College of Engineering and Technology, Tirupathur",Tirupathur,Tirupathur,Engineering
"Sacred Heart College (Autonomous), Tirupathur",Tirupathur,Tirupathur,Arts and Science
"Senthil College of Education, Tirupathur",Tirupathur,Tirupathur,B.Ed
"Sri Nandhanam College of Engineering and Technology, Tirupathur",Tirupathur,Tirupathur,Engineering
"Sri Nandhanam Polytechnic College, Tirupathur",Tirupathur,Tirupathur,Polytechnic
"Tirupathur Arts and Science College, Tirupathur",Tirupathur,Tirupathur,Arts and Science
"Islamiah College (Autonomous), Vaniyambadi",Tirupathur,Vaniyambadi,Arts and Science
"Islamiah Women's Arts and Science College, Vaniyambadi",Tirupathur,Vaniyambadi,Arts and Science
"Marudhar Kesari Jain College for Women, Vaniyambadi",Tirupathur,Vaniyambadi,Arts and Science
"Priyadarshini Engineering College, Vaniyambadi",Tirupathur,Vaniyambadi,Engineering
"Priyadarshini Polytechnic College, Vaniyambadi",Tirupathur,Vaniyambadi,Polytechnic
"St. Joseph's College of Education, Vaniyambadi",Tirupathur,Vaniyambadi,B.Ed
"Don Bosco College, Yelagiri Hills",Tirupathur,Yelagiri Hills,Arts and Science
Government College of Engineering Tirunelveli,Tirunelveli,Palayamkottai,Engineering
Patrician College,Chennai,Adyar,General
SSN College of Engineering,Chengalpattu,Thiruporur,General
Anna University,Tirupattur,Jolarpet,General
Coimbatore Institute of Tech,Coimbatore,Coimbatore City,General
"Maharani Arts and Science College, Dharapuram",Tiruppur,Dharapuram,Arts and Science
"Revathi Medical Center College of Nursing, Tiruppur",Tiruppur,Tiruppur (South),Nursing
"TERF's Academy College of Arts and Science, Tiruppur",Tiruppur,Tiruppur (South),Arts and Science
"Government Arts and Science College, Kangeyam",Tiruppur,Kangayam,Arts and Science
"Government Arts and Science College, Palladam",Tiruppur,Dharapuram,Arts and Science
St. Joseph's College for Women (Tiruppur),Tiruppur,Tiruppur (South),Arts and Science
"Vidyasagar College of Arts and Science, Udumalpet",Tiruppur,Udumalaipettai,Arts and Science
"Century Foundation College of Education, Tiruppur",Tiruppur,Tiruppur (South),B.Ed
"Chikkanna Government Arts College, Tiruppur",Tiruppur,Tiruppur (South),Arts and Science
"G.V.G. Visalakshi College for Women, Udumalpet",Tiruppur,Udumalaipettai,Arts and Science
"L.R.G. Government Arts College for Women, Tiruppur",Tiruppur,Tiruppur (South),Arts and Science
"Maharaja Polytechnic College, Avinashi",Tiruppur,Avanashi,Polytechnic
"Builders Engineering College, Kangeyam",Tiruppur,Kangayam,Engineering
"Government Arts College, Udumalpet",Tiruppur,Udumalaipettai,Arts and Science
"Maharaja Engineering College, Avinashi",Tiruppur,Avanashi,Engineering
"Maharani College of Nursing, Dharapuram",Tiruppur,Dharapuram,Nursing
Tiruppur Government Medical College,Tiruppur,Madathukulam,Medical
"Tiruppur Kumaran College for Women, Tiruppur",Tiruppur,Tiruppur (South),Arts and Science
"A.G. Arts and Science College, Avinashi",Tiruppur,Avanashi,Arts and Science
"Park's College of Education, Tiruppur",Tiruppur,Tiruppur (South),B.Ed
"Park's College, Tiruppur",Tiruppur,Tiruppur (South),Arts and Science
"Sasurie College of Arts and Science, Vijayamangalam",Tiruppur,Kangayam,Arts and Science
"G.V.G. Visalakshi College of Education, Udumalpet",Tiruppur,Udumalaipettai,B.Ed
"NIFT-TEA College of Knitwear Fashion, Tiruppur",Tiruppur,Tiruppur (South),Fashion/Arts and Science
"S.M.R.V. Government Polytechnic College, Udumalpet",Tiruppur,Udumalaipettai,Polytechnic
"Jai Shriram Engineering College, Avinashipalayam",Tiruppur,Udumalaipettai,Engineering
"Maharaja College of Education, Avinashi",Tiruppur,Avanashi,B.Ed
"Rudhraveni Muthuswami Polytechnic College, Udumalpet",Tiruppur,Udumalaipettai,Polytechnic
"Sasurie College of Engineering, Vijayamangalam",Tiruppur,Kangayam,Engineering
"Prathyusha Engineering College, Aranvoyalkuppam",Tiruvallur,Aranvoyalkuppam,Engineering
"Mahalakshmi Women's College of Arts and Science, Avadi",Tiruvallur,Avadi,Arts and Science
"Murugappa Polytechnic College, Avadi",Tiruvallur,Avadi,Polytechnic
"Nazareth College of Arts and Science, Avadi",Tiruvallur,Avadi,Arts and Science
"Vel Tech High Tech Dr.Rangarajan Dr.Sakunthala Engineering College, Avadi",Tiruvallur,Avadi,Engineering
"Vel Tech Multi Tech Dr.Rangarajan Dr.Sakunthala Engineering College, Avadi",Tiruvallur,Avadi,Engineering
"Vel Tech Rangarajan Dr. Sagunthala R&D Institute of Science and Technology, Avadi",Tiruvallur,Avadi,University
Government Medical College Tiruvallur,Tiruvallur,General,Medical
"J.N.N. Arts & Science Women's College, Kannigaipair",Tiruvallur,Kannigaipair,Arts and Science
"J.N.N. Institute of Engineering, Kannigaipair",Tiruvallur,Kannigaipair,Engineering
"R.M.D. Engineering College, Kavaraipettai",Tiruvallur,Kavaraipettai,Engineering
"R.M.K. Engineering College, Kavaraipettai",Tiruvallur,Kavaraipettai,Engineering
"Bhaktavatsalam Memorial College for Women, Korattur",Tiruvallur,Korattur,Arts and Science
"Indhira College of Education, Pandur",Tiruvallur,Pandur,B.Ed
"Indhira College of Nursing, Pandur",Tiruvallur,Pandur,Nursing
"Indira Institute of Engineering and Technology, Pandur",Tiruvallur,Pandur,Engineering
"Indira Medical College and Hospitals, Pandur",Tiruvallur,Pandur,Medical
"DRBCCC Hindu College, Pattabiram",Tiruvallur,Pattabiram,Arts and Science
"Sriram College of Arts and Science, Perumalpattu",Tiruvallur,Perumalpattu,Arts and Science
"Sriram Engineering College, Perumalpattu",Tiruvallur,Perumalpattu,Engineering
"Sriram Polytechnic College, Perumalpattu",Tiruvallur,Perumalpattu,Polytechnic
"Loganatha Narayanasamy Government College, Ponneri",Tiruvallur,Ponneri,Arts and Science
"Tamil Nadu Dr. J. Jayalalithaa Fisheries University (FCRI), Ponneri",Tiruvallur,Ponneri,University
"R.M.K. College of Engineering and Technology, Puduvoyal",Tiruvallur,Puduvoyal,Engineering
"Jaya College of Arts and Science, Thiruninravur",Tiruvallur,Thiruninravur,Arts and Science
"Jaya College of Education, Thiruninravur",Tiruvallur,Thiruninravur,B.Ed
"Jaya Engineering College, Thiruninravur",Tiruvallur,Thiruninravur,Engineering
"Jaya Polytechnic College, Thiruninravur",Tiruvallur,Thiruninravur,Polytechnic
"S.A. College of Arts & Science, Thiruverkadu",Tiruvallur,Thiruverkadu,Arts and Science
"S.A. Engineering College, Thiruverkadu",Tiruvallur,Thiruverkadu,Engineering
"S.A. Polytechnic College, Thiruverkadu",Tiruvallur,Thiruverkadu,Polytechnic
"G.R.T. College of Education, Tiruttani",Tiruvallur,Tiruttani,B.Ed
"G.R.T. College of Nursing, Tiruttani",Tiruvallur,Tiruttani,Nursing
"G.R.T. Institute of Engineering and Technology, Tiruttani",Tiruvallur,Tiruttani,Engineering
"G.R.T. Polytechnic College, Tiruttani",Tiruvallur,Tiruttani,Polytechnic
"Government Arts College, Tiruttani",Tiruvallur,Tiruttani,Arts and Science
"SRET College of Nursing, Tiruvallur",Tiruvallur,Tiruvallur,Nursing
"Arunai Engineering College, Tiruvannamalai",Tiruvannamalai,Tiruvannamalai,Engineering
Government Tiruvannamalai Medical College - College of Nursing,Tiruvannamalai,Arani,Nursing
"Indo-American College, Cheyyar",Tiruvannamalai,Cheyyar,Arts and Science
"S.K.P. Polytechnic College, Tiruvannamalai",Tiruvannamalai,Tiruvannamalai,Polytechnic
"SKP Engineering College, Tiruvannamalai",Tiruvannamalai,Tiruvannamalai,Engineering
"Saraswathi Ammal College of Education, Polur",Tiruvannamalai,Polur,B.Ed
"Arunai Polytechnic College, Tiruvannamalai",Tiruvannamalai,Tiruvannamalai,Polytechnic
"Bhaarath College of Nursing, Tiruvannamalai",Tiruvannamalai,Tiruvannamalai,Nursing
"Kamban College of Arts and Science for Women, Tiruvannamalai",Tiruvannamalai,Tiruvannamalai,Arts and Science
"Sri E.M.R. Arts and Science College, Vembakkam",Tiruvannamalai,Chengam,Arts and Science
Thiruvalluvar University College of Arts and Science (Thennangur),Tiruvannamalai,Chengam,Arts and Science
"University College of Engineering, Arni",Tiruvannamalai,Arani,Engineering
"Shanmuga Industries Arts and Science College, Tiruvannamalai",Tiruvannamalai,Tiruvannamalai,Arts and Science
Government Tiruvannamalai Medical College and Hospital,Tiruvannamalai,Kalasapakkam,Medical
"Grace College of Education, Tiruvannamalai",Tiruvannamalai,Tiruvannamalai,B.Ed
"S.K.P. Institute of Technology, Tiruvannamalai",Tiruvannamalai,Tiruvannamalai,Engineering
"Dr. M.G.R. Chockalingam Arts College, Arni",Tiruvannamalai,Arani,Arts and Science
"Swamy Abedhanandha Polytechnic College, Thellar (Vandavasi)",Tiruvannamalai,Vandavasi,Polytechnic
"A.M.K. Technological Polytechnic College, Arni",Tiruvannamalai,Arani,Polytechnic
"Government Arts College, Tiruvannamalai",Tiruvannamalai,Tiruvannamalai,Arts and Science
"Government Polytechnic College, Cheyyar",Tiruvannamalai,Cheyyar,Polytechnic
"Sri Akilandeswari Women's College, Wandiwash (Vandavasi)",Tiruvannamalai,Vandavasi,Arts and Science
"Arignar Anna Government Arts College, Cheyyar",Tiruvannamalai,Cheyyar,Arts and Science
Central University of Tamil Nadu (CUTN),Tiruvarur,General,University
Government Tiruvarur Medical College,Tiruvarur,General,Medical
Government Tiruvarur Medical College - College of Nursing,Tiruvarur,General,Nursing
"Anjalai Ammal Mahalingam Engineering College (AAMEC), Kovilvenni",Tiruvarur,Kovilvenni,Engineering
"Swami Dayananda College of Arts and Science, Manjakkudi",Tiruvarur,Manjakkudi,Arts and Science
"A.R.J. College of Education, Mannargudi",Tiruvarur,Mannargudi,B.Ed
"A.R.J. College of Engineering and Technology, Mannargudi",Tiruvarur,Mannargudi,Engineering
"A.R.J. Institute of Management Studies, Mannargudi",Tiruvarur,Mannargudi,Management
"A.R.J. Polytechnic College, Mannargudi",Tiruvarur,Mannargudi,Polytechnic
"Devi College of Education, Mannargudi",Tiruvarur,Mannargudi,B.Ed
"Mannai Rajagopalaswami Government Arts College, Mannargudi",Tiruvarur,Mannargudi,Arts and Science
"S.K. Polytechnic College, Mannargudi",Tiruvarur,Mannargudi,Polytechnic
"S.T.E.T. College of Education for Women, Mannargudi",Tiruvarur,Mannargudi,B.Ed
"S.T.E.T. Women's College (Sengamala Thayaar Educational Trust), Mannargudi",Tiruvarur,Mannargudi,Arts and Science
"Government Arts and Science College, Nannilam",Tiruvarur,Nannilam,Arts and Science
"Government Arts and Science College, Needamangalam",Tiruvarur,Needamangalam,Arts and Science
"Government Arts and Science College, Thiruthuraipoondi",Tiruvarur,Thiruthuraipoondi,Arts and Science
"Netaji Subash Chandra Bose College, Tiruvarur",Tiruvarur,Tiruvarur,Arts and Science
"Nethaji Subash Chandra Bose College of Education, Tiruvarur",Tiruvarur,Tiruvarur,B.Ed
"Rabiammal Ahamed Maideen College for Women, Tiruvarur",Tiruvarur,Tiruvarur,Arts and Science
"Thiru. Vi. Ka. Government Arts College, Tiruvarur",Tiruvarur,Tiruvarur,Arts and Science
"Veludayar College of Education, Tiruvarur",Tiruvarur,Tiruvarur,B.Ed
"Government Polytechnic College, Valangaiman",Tiruvarur,Valangaiman,Polytechnic
Muthurangam Government Arts College,Vellore,Anaikattu,Arts and Science
Auxilium College (Autonomous),Vellore,Gudiyatham,Arts and Science
Christian Medical College (CMC) Vellore,Vellore,Gudiyatham,Medical
"Government Polytechnic College, Vellore",Vellore,Vellore,Polytechnic
"K.M.G. College of Education, Gudiyattam",Vellore,Gudiyatham,B.Ed
"Schieffelin Institute of Health Research and Leprosy Centre, Karigiri",Vellore,Gudiyatham,Paramedical
"Sri Ramachandra College of Pharmacy, Vellore",Vellore,Vellore,Paramedical
Thanthai Periyar Government Institute of Technology (TPGIT),Vellore,Gudiyatham,Engineering
D.K.M. College for Women,Vellore,Katpadi,Arts and Science
Duraimurugan College of Education,Vellore,Katpadi,B.Ed
Government College of Education (Vellore),Vellore,Vellore,B.Ed
"K.M.G. College of Arts and Science, Gudiyattam",Vellore,Gudiyatham,Arts and Science
Kingston Engineering College,Vellore,Katpadi,Engineering
"Nettur Technical Training Foundation (NTTF), Vellore",Vellore,Vellore,Polytechnic
Rajagopal Polytechnic College (Gudiyattam),Vellore,Gudiyatham,Polytechnic
"Sri Narayani College of Nursing, Sripuram",Vellore,Kilvaithinankuppam,Nursing
St. John's College of Nursing (Vellore),Vellore,Vellore,Nursing
"CMC College of Nursing, Vellore",Vellore,Vellore,Nursing
E.V.R. Periyar Government Arts College for Women (Vellore),Vellore,Vellore,Arts and Science
Ganadipathy Tulsi's Jain Engineering College,Vellore,Kilvaithinankuppam,Engineering
Muthamil College of Education,Vellore,Kilvaithinankuppam,B.Ed
Thiruvalluvar University (Serkkadu),Vellore,Kilvaithinankuppam,University
Universal College of Education,Vellore,Kilvaithinankuppam,B.Ed
Vellore Institute of Technology (VIT) Vellore,Vellore,Kilvaithinankuppam,University
Christian Institute of Management,Vellore,Vellore,Management
"G.G.R. College of Engineering, Vellore",Vellore,Vellore,Engineering
Government Arts and Science College (Katpadi),Vellore,Katpadi,Arts and Science
Government Vellore Medical College - College of Nursing,Vellore,Vellore,Nursing
"Government Vellore Medical College, Adukkamparai",Vellore,Vellore,Medical
Voorhees College,Vellore,Vellore,Arts and Science
Annai Teresa College of Engineering,Viluppuram,General,Engineering
Bharathi Vidyalaya College of Education,Viluppuram,Gingee,B.Ed
Dr. Pauls Engineering College,Viluppuram,Gingee,Engineering
Government Arts College Villupuram,Viluppuram,Gingee,Arts and Science
Indira Gandhi Jayanthi Mahila Vidyalaya College of Education,Viluppuram,Gingee,B.Ed
K.S. Raja Arts and Science College,Viluppuram,Gingee,Arts and Science
Sri Rangapoopathi Arts and Science College,Viluppuram,Gingee,Arts and Science
Sri Rangapoopathi College of Engineering (Alampoondi),Viluppuram,Gingee,Engineering
Srimath Sivagnanabalaya Swamigal Tamil Arts & Science College,Viluppuram,Gingee,Arts and Science
T.S.M. Jain College of Technology,Viluppuram,Gingee,Engineering
University College of Engineering Villupuram (UCEV),Viluppuram,Gingee,Engineering
Joseph Arts and Science College,Viluppuram,Mailam,Arts and Science
Sri Aravindar Polytechnic College,Viluppuram,Mailam,Polytechnic
Elumalai Polytechnic College,Viluppuram,Tindivanam,Polytechnic
Sri Rangapoopathi College of Nursing,Viluppuram,Tindivanam,Nursing
Sri Rangapoopathi Polytechnic College,Viluppuram,Tindivanam,Polytechnic
Surya Group of Institutions,Viluppuram,Tindivanam,Engineering
Theivanai Ammal College for Women,Viluppuram,Tindivanam,Arts and Science
Thiruvalluvar University Constituent College of Arts and Science (Tindivanam),Viluppuram,Tindivanam,Arts and Science
Government Villupuram Medical College,Viluppuram,Vanur,Medical
University College of Engineering Tindivanam,Viluppuram,Vanur,Engineering
V.R.S. College of Engineering and Technology,Viluppuram,Vanur,Engineering
E.S. Polytechnic College,Viluppuram,Vikravandi,Polytechnic
IFET College of Engineering,Viluppuram,Vikravandi,Engineering
Jeyand Saraswathi College of Arts and Science,Viluppuram,Vikravandi,Arts and Science
Mailam Engineering College,Viluppuram,Vikravandi,Engineering
Saraswathi College of Arts and Science (Tindivanam),Viluppuram,Tindivanam,Arts and Science
Sigma College of Education,Viluppuram,Vikravandi,B.Ed
Sri Rangapoopathi College of Education,Viluppuram,Vikravandi,B.Ed
Arignar Anna Government Arts College (Villupuram),Viluppuram,Villupuram,Arts and Science
E.S. College of Nursing,Viluppuram,Villupuram,Nursing
Paulson Teacher Training College,Viluppuram,Villupuram,B.Ed
Saraswathi College of Nursing,Viluppuram,Villupuram,Nursing
Devanga Arts College,Virudhunagar,Aruppukkottai,Arts and Science
Kalasalingam College of Pharmacy,Virudhunagar,Aruppukkottai,Paramedical
P.S.R. College of Education,Virudhunagar,Aruppukkottai,B.Ed
Sethu Institute of Technology (Kariapatti),Virudhunagar,Aruppukkottai,Engineering
Sowdambika College of Arts and Science,Virudhunagar,Aruppukkottai,Arts and Science
Sri Kaliswari College,Virudhunagar,Aruppukkottai,Arts and Science
V.S.V.N. Polytechnic College,Virudhunagar,Aruppukkottai,Polytechnic
Kalasalingam Academy of Research and Education,Virudhunagar,Rajapalayam,University
Kalasalingam Institute of Technology,Virudhunagar,Rajapalayam,Engineering
P.S. Medical Trust College of Nursing,Virudhunagar,Rajapalayam,Nursing
Sree Sowdambika College of Engineering,Virudhunagar,Rajapalayam,Engineering
Sri Krishna College of Nursing,Virudhunagar,Rajapalayam,Nursing
V.V. Vanniaperumal College for Women,Virudhunagar,Rajapalayam,Arts and Science
AAA College of Engineering and Technology,Virudhunagar,Sattur,Engineering
Arulmigu Kalasalingam College of Arts and Science,Virudhunagar,Sattur,Arts and Science
Rajapalayam Rajus' College,Virudhunagar,Sattur,Arts and Science
Sree Rama Institute of Teacher Education,Virudhunagar,Sattur,B.Ed
Government Virudhunagar Medical College,Virudhunagar,Sivakasi,Medical
P.S.R. Engineering College,Virudhunagar,Sivakasi,Engineering
P.S.R. Rengasamy College of Engineering for Women,Virudhunagar,Sivakasi,Engineering
S.B.K. College,Virudhunagar,Sivakasi,Arts and Science
S.F.R. College for Women (Standard Fireworks Rajaratnam),Virudhunagar,Sivakasi,Arts and Science
Sree Sowdambika Polytechnic College,Virudhunagar,Sivakasi,Polytechnic
V.P. Muthaiah Pillai Meenakshi Ammal College of Education for Women,Virudhunagar,Sivakasi,B.Ed
V.V. Vanniaperumal Nursing College,Virudhunagar,Sivakasi,Nursing
Kamaraj College of Engineering and Technology,Virudhunagar,Srivilliputhur,Engineering
P.S.R. Polytechnic College,Virudhunagar,Srivilliputhur,Polytechnic
Ramco Institute of Technology,Virudhunagar,Srivilliputhur,Engineering
Sri Vidhya College of Arts and Science,Virudhunagar,Srivilliputhur,Arts and Science
V.P. Muthaiah Pillai Meenakshi Ammal Polytechnic College for Women,Virudhunagar,Srivilliputhur,Polytechnic
Arulmigu Kalasalingam College of Education,Virudhunagar,Tiruchuli,B.Ed
Arulmigu Kalasalingam Polytechnic College,Virudhunagar,Tiruchuli,Polytechnic
Mepco Schlenk Engineering College,Virudhunagar,Tiruchuli,Engineering
P.A.C. Ramasamy Raja Polytechnic College,Virudhunagar,Tiruchuli,Polytechnic
Ramco Institute of Management,Virudhunagar,Tiruchuli,Management
V.H.N.S.N. College (Virudhunagar Hindu Nadars' Senthikumara Nadar),Virudhunagar,Tiruchuli,Arts and Science
Ayya Nadar Janaki Ammal College (ANJAC),Virudhunagar,Virudhunagar,Arts and Science
K.M. B.Ed. College,Virudhunagar,Virudhunagar,B.Ed
S.R.V. College of Education,Virudhunagar,Virudhunagar,B.Ed
Srividya College of Engineering and Technology,Virudhunagar,Virudhunagar,Engineering
V.P. Muthaiah Pillai Meenakshi Ammal Arts and Science College for Women,Virudhunagar,Virudhunagar,Arts and Science
V.P. Muthaiah Pillai Meenakshi Ammal Engineering College for Women,Virudhunagar,Virudhunagar,Engineering
